taxonKey,vernacularName,language,country,source,sourceTaxonKey,area,preferred
1934693,Sleutelbloemvlinder,nld,NA,Catalogue of the Lepidoptera of Belgium,148711553,NA,NA
1934693,Sleutelbloemvlinder,nld,NA,EUNIS Biodiversity Database,101109179,NA,NA
1934693,sleutelbloemvlinder,nld,BE,Belgian Species List,100449629,NA,NA
1934693,Sleutelbloemvlinder,nld,NA,Checklist Dutch Species Register - Nederlands Soortenregister,124576472,NA,TRUE
1938214,Koningspage,nld,NA,EUNIS Biodiversity Database,101132414,NA,NA
1938214,Koningspage,nld,NA,Catalogue of the Lepidoptera of Belgium,148711190,NA,NA
1938214,koningspage,nld,BE,Belgian Species List,100464901,NA,NA
1938214,Koningspage,nld,NA,Checklist Dutch Species Register - Nederlands Soortenregister,124601227,NA,TRUE
1936969,Pijpbloemapollo,nld,NA,EUNIS Biodiversity Database,100925494,NA,NA
1938810,Apollovlinder,nld,NA,EUNIS Biodiversity Database,101186500,NA,NA
1938810,apollovlinder,nld,BE,Belgian Species List,100464924,NA,NA
1938810,Apollovlinder,nld,NA,Checklist Dutch Species Register - Nederlands Soortenregister,152462229,NA,TRUE
1938520,Zwarte apollovlinder,nld,NA,EUNIS Biodiversity Database,101186503,NA,NA
1938955,Kleine apollovlinder,nld,NA,EUNIS Biodiversity Database,101186504,NA,NA
5141297,Spaanse pijpbloemvlinder,nld,NA,EUNIS Biodiversity Database,101253704,NA,NA
5141288,Kretapijpbloemvlinder,nld,NA,EUNIS Biodiversity Database,101253700,NA,NA
5141262,Zuidelijke pijpbloemvlinder,nld,NA,EUNIS Biodiversity Database,101253703,NA,NA
5141291,Oostelijke pijpbloemvlinder,nld,NA,EUNIS Biodiversity Database,101253699,NA,NA
1938050,Corsicaanse koninginnepage,nld,NA,EUNIS Biodiversity Database,101183704,NA,NA
8225376,Koninginnenpage,nld,NA,Catalogue of the Lepidoptera of Belgium,148710559,NA,NA
8225376,Koninginnepage,nld,NA,EUNIS Biodiversity Database,101183719,NA,NA
8225376,"koninginnenpage, koninginnepage",nld,BE,Belgian Species List,100464914,NA,NA
8225376,Koninginnenpage,nld,NA,Checklist Dutch Species Register - Nederlands Soortenregister,152462221,NA,TRUE
8225376,Koninginnepage,nld,NA,Checklist Dutch Species Register - Nederlands Soortenregister,152462221,NA,FALSE
1938131,Zuidelijke koninginnepage,nld,NA,EUNIS Biodiversity Database,101183649,NA,NA
1920218,Groot geaderd witje,nld,NA,Catalogue of the Lepidoptera of Belgium,148708126,NA,NA
1920218,Groot geaderd witje,nld,NA,EUNIS Biodiversity Database,100921341,NA,NA
1920218,groot geaderd witje,nld,BE,Belgian Species List,100464959,NA,NA
1920218,Groot geaderd witje,nld,NA,Checklist Dutch Species Register - Nederlands Soortenregister,124600284,NA,TRUE
1920707,Bestoven citroenvlinder,nld,NA,EUNIS Biodiversity Database,101102503,NA,NA
1920712,Citroenvlinder,nld,NA,Catalogue of the Lepidoptera of Belgium,148706993,NA,NA
1920712,Citroenvlinder,nld,NA,EUNIS Biodiversity Database,101102510,NA,NA
1920712,citroenvlinder,nld,BE,Belgian Species List,100465022,NA,NA
1920712,Citroenvlinder,nld,NA,Checklist Dutch Species Register - Nederlands Soortenregister,152461414,NA,TRUE
1920709,Cleopatra,nld,NA,EUNIS Biodiversity Database,101102499,NA,NA
1920395,Vals oranjetipje,nld,NA,EUNIS Biodiversity Database,101024180,NA,NA
1920259,Oostelijk resedawitje,nld,NA,Checklist Dutch Species Register - Nederlands Soortenregister,152461402,NA,TRUE
1920247,Klein resedawitje,nld,NA,EUNIS Biodiversity Database,101201065,NA,NA
1920237,Bergresedawitje,nld,NA,EUNIS Biodiversity Database,101201064,NA,NA
1920258,Resedawitje,nld,NA,Catalogue of the Lepidoptera of Belgium,148709922,NA,NA
1920258,resedawitje,nld,BE,Belgian Species List,100465078,NA,NA
1920258,Resedawitje,nld,NA,Checklist Dutch Species Register - Nederlands Soortenregister,152461406,NA,TRUE
1919706,Zwavelig oranjetipje,nld,NA,EUNIS Biodiversity Database,100909607,NA,NA
1919712,Oranjetipje,nld,NA,EUNIS Biodiversity Database,100909594,NA,NA
1919712,Oranjetipje,nld,NA,Catalogue of the Lepidoptera of Belgium,148708787,NA,NA
1919712,oranjetipje,nld,BE,Belgian Species List,100464943,NA,NA
1919712,Oranjetipje,nld,NA,Checklist Dutch Species Register - Nederlands Soortenregister,152461410,NA,TRUE
1919716,Oostelijk oranjetipje,nld,NA,EUNIS Biodiversity Database,100909599,NA,NA
1919698,Geel oranjetipje,nld,NA,EUNIS Biodiversity Database,100909602,NA,NA
7981372,Westelijk marmerwitje,nld,NA,Catalogue of the Lepidoptera of Belgium,148706752,NA,NA
7981372,Westelijk marmerwitje,nld,NA,EUNIS Biodiversity Database,101080550,NA,NA
1919325,Corsicaans marmerwitje,nld,NA,EUNIS Biodiversity Database,101080552,NA,NA
1919333,Gestreept marmerwitje,nld,NA,EUNIS Biodiversity Database,101080541,NA,NA
1919330,Bergmarmerwitje,nld,NA,EUNIS Biodiversity Database,101080560,NA,NA
4535286,Groen marmerwitje,nld,NA,EUNIS Biodiversity Database,101080548,NA,NA
1919320,Oostelijk marmerwitje,nld,NA,EUNIS Biodiversity Database,101080537,NA,NA
1919317,Klein marmerwitje,nld,NA,EUNIS Biodiversity Database,101080562,NA,NA
4535289,Geel marmerwitje,nld,NA,EUNIS Biodiversity Database,101080557,NA,NA
5804895,Cryptisch boswitje,nld,NA,Catalogue of the Lepidoptera of Belgium,148711029,NA,NA
5804895,Cryptisch boswitje,nld,NA,Checklist Dutch Species Register - Nederlands Soortenregister,152461386,NA,TRUE
5137902,Zwartsprietboswitje,nld,NA,EUNIS Biodiversity Database,101141389,NA,NA
5137915,verborgen boswitje,nld,BE,Belgian Species List,100465035,NA,NA
5137915,Verborgen boswitje,nld,NA,Checklist Dutch Species Register - Nederlands Soortenregister,124600216,NA,TRUE
5137903,Boswitje,nld,NA,Catalogue of the Lepidoptera of Belgium,148711028,NA,NA
5137903,boswitje,nld,BE,Belgian Species List,100465039,NA,NA
5137903,Boswitje,nld,NA,Checklist Dutch Species Register - Nederlands Soortenregister,152461396,NA,TRUE
1919966,Zuidelijk oranjetipje,nld,NA,EUNIS Biodiversity Database,101253448,NA,NA
1920512,Wedewitje,nld,NA,EUNIS Biodiversity Database,101194989,NA,NA
1920502,Schildzaadwitje,nld,NA,EUNIS Biodiversity Database,101194991,NA,NA
4535307,Berg geaderd witje,nld,NA,EUNIS Biodiversity Database,101194985,NA,NA
1920491,Scheefbloemwitje,nld,NA,Catalogue of the Lepidoptera of Belgium,148710338,NA,NA
1920491,Scheefbloemwitje,nld,NA,EUNIS Biodiversity Database,101194992,NA,NA
1920491,Scheefbloemwitje,nld,NA,Checklist Dutch Species Register - Nederlands Soortenregister,152461420,NA,TRUE
1920498,Balkan geaderd witje,nld,NA,EUNIS Biodiversity Database,101194980,NA,NA
1920494,Klein geaderd witje,nld,NA,EUNIS Biodiversity Database,101194994,NA,NA
1920494,Klein geaderd witje,nld,NA,Catalogue of the Lepidoptera of Belgium,148710337,NA,NA
1920494,klein geaderd witje,nld,BE,Belgian Species List,100465060,NA,NA
1920494,Klein geaderd witje,nld,NA,Checklist Dutch Species Register - Nederlands Soortenregister,124600343,NA,TRUE
1920496,Klein koolwitje,nld,NA,Catalogue of the Lepidoptera of Belgium,148710340,NA,NA
1920496,Klein koolwitje,nld,NA,EUNIS Biodiversity Database,101194995,NA,NA
1920496,klein koolwitje,nld,BE,Belgian Species List,100465067,NA,NA
1920496,Klein koolwitje,nld,NA,Checklist Dutch Species Register - Nederlands Soortenregister,124600341,NA,TRUE
1920506,Groot koolwitje,nld,NA,Catalogue of the Lepidoptera of Belgium,148710339,NA,NA
1920506,Groot koolwitje,nld,NA,EUNIS Biodiversity Database,101194982,NA,NA
1920506,groot koolwitje,nld,BE,Belgian Species List,100465052,NA,NA
1920506,Groot koolwitje,nld,NA,Checklist Dutch Species Register - Nederlands Soortenregister,124600338,NA,TRUE
5137578,Oostelijke luzernevlinder,nld,NA,EUNIS Biodiversity Database,101023303,NA,NA
5137695,Bergluzernevlinder,nld,NA,EUNIS Biodiversity Database,101023325,NA,NA
8203812,Zuidelijke luzernevlinder,nld,NA,EUNIS Biodiversity Database,101023286,NA,NA
8203812,Zuidelijke luzernevlinder,nld,NA,Catalogue of the Lepidoptera of Belgium,148707213,NA,NA
8203812,zuidelijke luzernevlinder,nld,BE,Belgian Species List,100464972,NA,NA
8203812,Zuidelijke luzernevlinder,nld,NA,Checklist Dutch Species Register - Nederlands Soortenregister,124600270,NA,TRUE
5137668,Balkanbremvlinder,nld,NA,EUNIS Biodiversity Database,101023294,NA,NA
5137706,Gele luzernevlinder,nld,NA,EUNIS Biodiversity Database,101023311,NA,NA
5137706,Gele luzernevlinder,nld,NA,Catalogue of the Lepidoptera of Belgium,148707217,NA,NA
5137706,gele luzernevlinder,nld,BE,Belgian Species List,100465003,NA,NA
5137706,Gele luzernevlinder,nld,NA,Checklist Dutch Species Register - Nederlands Soortenregister,124600269,NA,TRUE
5137677,Steppeluzernevlinder,nld,NA,EUNIS Biodiversity Database,101023298,NA,NA
5137677,steppeluzernevlinder,nld,BE,Belgian Species List,100464987,NA,NA
5137677,Steppeluzernevlinder,nld,NA,Checklist Dutch Species Register - Nederlands Soortenregister,152461373,NA,TRUE
5137708,Bremvlinder,nld,NA,EUNIS Biodiversity Database,101023317,NA,NA
5137582,Veenluzernevlinder,nld,NA,Catalogue of the Lepidoptera of Belgium,148707218,NA,NA
5137582,Veenluzernevlinder,nld,NA,EUNIS Biodiversity Database,101023322,NA,NA
5137582,"veengeeltje, veenluzernevlinder",nld,BE,Belgian Species List,100465011,NA,NA
5137582,Veengeeltje,nld,NA,Checklist Dutch Species Register - Nederlands Soortenregister,152461383,NA,TRUE
5137582,Veenluzernevlinder,nld,NA,Checklist Dutch Species Register - Nederlands Soortenregister,152461383,NA,FALSE
5137595,Noordse luzernevlinder,nld,NA,EUNIS Biodiversity Database,101023307,NA,NA
5137682,Griekse luzernevlinder,nld,NA,EUNIS Biodiversity Database,101023289,NA,NA
5137612,Oranje luzernevlinder,nld,NA,Catalogue of the Lepidoptera of Belgium,148707215,NA,NA
5137612,Oranje luzernevlinder,nld,NA,EUNIS Biodiversity Database,101023300,NA,NA
5137612,oranje luzernevlinder,nld,BE,Belgian Species List,100464995,NA,NA
5137612,Oranje luzernevlinder,nld,NA,Checklist Dutch Species Register - Nederlands Soortenregister,152461370,NA,TRUE
1896841,Koevinkje,nld,NA,Catalogue of the Lepidoptera of Belgium,148708093,NA,NA
1896841,Koevinkje,nld,NA,EUNIS Biodiversity Database,100914979,NA,NA
1896841,koevinkje,nld,BE,Belgian Species List,100464097,NA,NA
1896841,Koevinkje,nld,NA,Checklist Dutch Species Register - Nederlands Soortenregister,152462132,NA,TRUE
1896957,Pasja,nld,NA,EUNIS Biodiversity Database,101002802,NA,NA
1902533,Landkaartje,nld,NA,Catalogue of the Lepidoptera of Belgium,148708148,NA,NA
1902533,Landkaartje,nld,NA,EUNIS Biodiversity Database,100924806,NA,NA
1902533,landkaartje,nld,BE,Belgian Species List,100464109,NA,NA
1902533,Landkaartje,nld,NA,Checklist Dutch Species Register - Nederlands Soortenregister,152462164,NA,TRUE
1893137,Oranje steppevlinder,nld,NA,EUNIS Biodiversity Database,100926427,NA,NA
1893137,Oranje steppevlinder,nld,NA,Catalogue of the Lepidoptera of Belgium,148708185,NA,NA
1893137,oranje steppevlinder,nld,BE,Belgian Species List,100464120,NA,NA
1893137,Oranje steppevlinder,nld,NA,Checklist Dutch Species Register - Nederlands Soortenregister,152462146,NA,TRUE
1909838,Snuitvlinder,nld,NA,EUNIS Biodiversity Database,101144532,NA,NA
7988274,Zuidelijk oranje zandoogje,nld,NA,EUNIS Biodiversity Database,101210624,NA,NA
8404037,Spaans oranje zandoogje,nld,NA,EUNIS Biodiversity Database,101210623,NA,NA
7622059,Oranje zandoogje,nld,NA,EUNIS Biodiversity Database,101210626,NA,NA
7622059,Oranje zandoogje,nld,NA,Catalogue of the Lepidoptera of Belgium,148710098,NA,NA
7622059,oranje zandoogje,nld,BE,Belgian Species List,100464561,NA,NA
7622059,Oranje zandoogje,nld,NA,Checklist Dutch Species Register - Nederlands Soortenregister,152462114,NA,TRUE
4535510,Blauwoogvlinder,nld,NA,EUNIS Biodiversity Database,101161217,NA,NA
8208583,Grauw zandoogje,nld,NA,EUNIS Biodiversity Database,101128594,NA,NA
1906552,Zuidelijk grauw zandoogje,nld,NA,EUNIS Biodiversity Database,101128592,NA,NA
4535445,Tsarenmantel,nld,NA,EUNIS Biodiversity Database,100926978,NA,NA
7810861,Kardinaalsmantel (Pandora),nld,NA,EUNIS Biodiversity Database,100926987,NA,NA
1909398,Keizersmantel,nld,NA,Catalogue of the Lepidoptera of Belgium,148708244,NA,NA
1909398,Keizersmantel,nld,NA,EUNIS Biodiversity Database,100926991,NA,NA
1909398,keizersmantel,nld,BE,Belgian Species List,100464161,NA,NA
1909398,Keizersmantel,nld,NA,Checklist Dutch Species Register - Nederlands Soortenregister,152462209,NA,TRUE
1898521,Zuidelijke aurelia,nld,NA,EUNIS Biodiversity Database,101200045,NA,NA
1898544,Gehakkelde aurelia,nld,NA,EUNIS Biodiversity Database,101200044,NA,NA
1898544,Gehakkelde aurelia,nld,NA,Catalogue of the Lepidoptera of Belgium,148709937,NA,NA
1898544,gehakkelde aurelia,nld,BE,Belgian Species List,100464551,NA,NA
1898544,Gehakkelde aurelia,nld,NA,Checklist Dutch Species Register - Nederlands Soortenregister,152462194,NA,TRUE
4535614,Boszandoog,nld,NA,Catalogue of the Lepidoptera of Belgium,148711107,NA,NA
4535614,Boszandoog,nld,NA,EUNIS Biodiversity Database,101148677,NA,NA
4535614,boszandoog,nld,BE,Belgian Species List,100464434,NA,NA
4535614,Boszandoog,nld,NA,Checklist Dutch Species Register - Nederlands Soortenregister,152462181,NA,TRUE
6221746,Grote parelmoervlinder,nld,NA,Catalogue of the Lepidoptera of Belgium,148708241,NA,NA
6221746,Grote parelmoervlinder,nld,NA,Checklist Dutch Species Register - Nederlands Soortenregister,152462211,NA,TRUE
4535620,Grote schaduwzandoog,nld,NA,EUNIS Biodiversity Database,101136093,NA,NA
4535583,Heremiet,nld,NA,EUNIS Biodiversity Database,101003670,NA,NA
4535583,Heremiet,nld,NA,Catalogue of the Lepidoptera of Belgium,148708035,NA,NA
4535580,Bonte heremiet,nld,NA,EUNIS Biodiversity Database,101003678,NA,NA
4535809,Moerasparelmoervlinder,nld,NA,Catalogue of the Lepidoptera of Belgium,148706712,NA,NA
4535809,Moerasparelmoervlinder,nld,NA,EUNIS Biodiversity Database,101084412,NA,NA
4535809,moerasparelmoervlinder,nld,BE,Belgian Species List,100464312,NA,NA
4535809,Moerasparelmoervlinder,nld,NA,Checklist Dutch Species Register - Nederlands Soortenregister,124600882,NA,TRUE
4535817,Roodbonte parelmoervlinder,nld,NA,Catalogue of the Lepidoptera of Belgium,148706711,NA,NA
4535817,Roodbonte parelmoervlinder,nld,NA,EUNIS Biodiversity Database,101084425,NA,NA
4535807,Geelbonte parelmoervlinder,nld,NA,EUNIS Biodiversity Database,101084420,NA,NA
4535822,Oranjebonte parelmoervlinder,nld,NA,EUNIS Biodiversity Database,101084423,NA,NA
4535819,Mozaiekparelmoervlinder,nld,NA,EUNIS Biodiversity Database,101084418,NA,NA
4535804,Witbonte parelmoervlinder,nld,NA,EUNIS Biodiversity Database,101084416,NA,NA
8049830,Bont zandoogje,nld,NA,Catalogue of the Lepidoptera of Belgium,148710599,NA,NA
8049830,Bont zandoogje,nld,NA,EUNIS Biodiversity Database,101185485,NA,NA
8049830,bont zandoogje,nld,BE,Belgian Species List,100464542,NA,NA
8049830,Bont zandoogje,nld,NA,Checklist Dutch Species Register - Nederlands Soortenregister,152462111,NA,TRUE
9714195,Braamparelmoervlinder,nld,NA,Catalogue of the Lepidoptera of Belgium,148708451,NA,NA
9714195,Braamparelmoervlinder,nld,NA,EUNIS Biodiversity Database,100964497,NA,NA
9714195,Braamparelmoervlinder,nld,NA,Checklist Dutch Species Register - Nederlands Soortenregister,152462168,NA,TRUE
1902749,Purperstreepparelmoervlinder,nld,NA,Catalogue of the Lepidoptera of Belgium,148708452,NA,NA
1902749,Purperstreepparelmoervlinder,nld,NA,EUNIS Biodiversity Database,100964509,NA,NA
1902749,purperstreepparelmoervlinder,nld,BE,Belgian Species List,100464216,NA,NA
1902749,Purperstreepparelmoervlinder,nld,NA,Checklist Dutch Species Register - Nederlands Soortenregister,152462169,NA,TRUE
8189761,Dubbelstipparelmoervlinder,nld,NA,EUNIS Biodiversity Database,100964505,NA,NA
5134301,Kleine saterzandoog,nld,NA,EUNIS Biodiversity Database,101217946,NA,NA
8312017,Grote saterzandoog,nld,NA,EUNIS Biodiversity Database,101217953,NA,NA
7642610,Kleine monarchvlinder,nld,NA,EUNIS Biodiversity Database,101044300,NA,NA
5133088,Monarchvlinder,nld,NA,Catalogue of the Lepidoptera of Belgium,148708894,NA,NA
5133088,Monarchvlinder,nld,NA,EUNIS Biodiversity Database,101044303,NA,NA
5133088,monarchvlinder,nld,BE,Belgian Species List,100464274,NA,NA
5133088,Monarchvlinder,nld,NA,Checklist Dutch Caribbean Species Register,181863365,NA,TRUE
5133088,Monarchvlinder,nld,NA,Checklist Dutch Species Register - Nederlands Soortenregister,152462105,NA,TRUE
5133088,Amerikaanse monarch,nld,NA,Checklist Dutch Caribbean Species Register,181863365,NA,FALSE
5131860,Oostelijke weerschijnvlinder,nld,NA,EUNIS Biodiversity Database,100913566,NA,NA
8138711,Kleine weerschijnvlinder,nld,NA,Catalogue of the Lepidoptera of Belgium,148708082,NA,NA
8138711,Kleine weerschijnvlinder,nld,NA,EUNIS Biodiversity Database,100913558,NA,NA
8138711,kleine weerschijnvlinder,nld,BE,Belgian Species List,100464078,NA,NA
8138711,Kleine weerschijnvlinder,nld,NA,Checklist Dutch Species Register - Nederlands Soortenregister,152462171,NA,TRUE
5131910,Grote weerschijnvlinder,nld,NA,Catalogue of the Lepidoptera of Belgium,148708081,NA,NA
5131910,Grote weerschijnvlinder,nld,NA,EUNIS Biodiversity Database,100913561,NA,NA
5131910,grote weerschijnvlinder,nld,BE,Belgian Species List,100464084,NA,NA
5131910,Grote weerschijnvlinder,nld,NA,Checklist Dutch Species Register - Nederlands Soortenregister,152462172,NA,TRUE
1894840,Kleine vos,nld,NA,EUNIS Biodiversity Database,100879038,NA,NA
1894840,Kleine vos,nld,NA,Catalogue of the Lepidoptera of Belgium,148711174,NA,NA
1894840,kleine vos,nld,BE,Belgian Species List,100464066,NA,NA
1894840,Kleine vos,nld,NA,Checklist Dutch Species Register - Nederlands Soortenregister,152462201,NA,TRUE
4535827,Dagpauwoog,nld,NA,Catalogue of the Lepidoptera of Belgium,148711175,NA,NA
4535827,Dagpauwoog,nld,NA,Checklist Dutch Species Register - Nederlands Soortenregister,152462203,NA,TRUE
1905383,Kleine parelmoervlinder,nld,NA,EUNIS Biodiversity Database,101134356,NA,NA
1905383,Kleine parelmoervlinder,nld,NA,Catalogue of the Lepidoptera of Belgium,148711178,NA,NA
1905383,kleine parelmoervlinder,nld,BE,Belgian Species List,100464367,NA,NA
1905383,Kleine parelmoervlinder,nld,NA,Checklist Dutch Species Register - Nederlands Soortenregister,152462174,NA,TRUE
5128357,Baltische toendravlinder,nld,NA,EUNIS Biodiversity Database,101174387,NA,NA
9804158,Pooltoendravlinder,nld,NA,EUNIS Biodiversity Database,101174385,NA,NA
5128323,Noordse toendravlinder,nld,NA,EUNIS Biodiversity Database,101174390,NA,NA
5128297,Gletsjervlinder,nld,NA,EUNIS Biodiversity Database,101174386,NA,NA
5132183,Grote ijsvogelvlinder,nld,NA,EUNIS Biodiversity Database,101144883,NA,NA
5132183,Grote ijsvogelvlinder,nld,NA,Catalogue of the Lepidoptera of Belgium,148711058,NA,NA
5132183,grote ijsvogelvlinder,nld,BE,Belgian Species List,100464414,NA,NA
5132183,Grote ijsvogelvlinder,nld,NA,Checklist Dutch Species Register - Nederlands Soortenregister,152462188,NA,TRUE
8001799,Blauwe ijsvogelvlinder,nld,NA,EUNIS Biodiversity Database,101144884,NA,NA
8001799,blauwe ijsvogelvlinder,nld,BE,Belgian Species List,100464416,NA,NA
8001799,Blauwe ijsvogelvlinder,nld,NA,Checklist Dutch Species Register - Nederlands Soortenregister,152462184,NA,TRUE
8429428,Kleine ijsvogelvlinder,nld,NA,Catalogue of the Lepidoptera of Belgium,148711059,NA,NA
8429428,Kleine ijsvogelvlinder,nld,NA,EUNIS Biodiversity Database,101144882,NA,NA
8429428,kleine ijsvogelvlinder,nld,BE,Belgian Species List,100464402,NA,NA
8429428,Kleine ijsvogelvlinder,nld,NA,Checklist Dutch Species Register - Nederlands Soortenregister,124600603,NA,TRUE
4535529,Witbandzandoog,nld,NA,EUNIS Biodiversity Database,100964984,NA,NA
1916352,Moors dambordje,nld,NA,EUNIS Biodiversity Database,101155017,NA,NA
1916554,Westelijk dambordje,nld,NA,EUNIS Biodiversity Database,101155021,NA,NA
1916448,Dambordje,nld,NA,EUNIS Biodiversity Database,101155016,NA,NA
7893052,Zuidelijk dambordje,nld,NA,EUNIS Biodiversity Database,101155024,NA,NA
1916347,Italiaans dambordje,nld,NA,EUNIS Biodiversity Database,101155015,NA,NA
1916412,Oostelijk dambordje,nld,NA,EUNIS Biodiversity Database,101155019,NA,NA
1916458,Spaans dambordje,nld,NA,EUNIS Biodiversity Database,101155018,NA,NA
5714374,Gehakkelde vos,nld,NA,EUNIS Biodiversity Database,101172433,NA,NA
5130682,Rouwmantel,nld,NA,EUNIS Biodiversity Database,101172431,NA,NA
5130682,Rouwmantel,nld,NA,Catalogue of the Lepidoptera of Belgium,148710719,NA,NA
5130682,rouwmantel,nld,BE,Belgian Species List,100464525,NA,NA
5130682,Rouwmantel,nld,NA,Checklist Dutch Species Register - Nederlands Soortenregister,124600616,NA,TRUE
7762841,Grote vos,nld,NA,EUNIS Biodiversity Database,101172432,NA,NA
7762841,Grote vos,nld,NA,Catalogue of the Lepidoptera of Belgium,148710721,NA,NA
7762841,grote vos,nld,BE,Belgian Species List,100464531,NA,NA
7762841,Grote vos,nld,NA,Checklist Dutch Species Register - Nederlands Soortenregister,152462192,NA,TRUE
9782968,Oostelijke vos,nld,NA,EUNIS Biodiversity Database,101172434,NA,NA
9782968,Oostelijke vos,nld,NA,Catalogue of the Lepidoptera of Belgium,148710720,NA,NA
9782968,Oostelijke vos,nld,NA,Checklist Dutch Species Register - Nederlands Soortenregister,152462191,NA,TRUE
4299368,Distelvlinder,nld,NA,Catalogue of the Lepidoptera of Belgium,148709401,NA,NA
4299368,Distelvlinder,nld,NA,EUNIS Biodiversity Database,101249858,NA,NA
4299368,distelvlinder,nld,BE,Belgian Species List,100464577,NA,NA
4299368,Distelvlinder,nld,NA,Checklist Dutch Species Register - Nederlands Soortenregister,152462196,NA,TRUE
4299368,Distelvlinder,nld,NA,Checklist Dutch Caribbean Species Register,181863280,NA,TRUE
4299368,distelvlinder,nld,NA,World Register of Marine Species,155465024,NA,FALSE
1898286,Atalanta,nld,NA,EUNIS Biodiversity Database,101249857,NA,NA
1898286,Atalanta,nld,NA,Catalogue of the Lepidoptera of Belgium,148709400,NA,NA
1898286,atalanta,nld,BE,Belgian Species List,100464572,NA,NA
1898286,Atalanta,nld,NA,Checklist Dutch Species Register - Nederlands Soortenregister,152462197,NA,TRUE
1899433,Bosparelmoervlinder,nld,NA,Catalogue of the Lepidoptera of Belgium,148708954,NA,NA
1899433,Bosparelmoervlinder,nld,NA,EUNIS Biodiversity Database,101155855,NA,NA
1899433,bosparelmoervlinder,nld,BE,Belgian Species List,100464471,NA,NA
1899433,Bosparelmoervlinder,nld,NA,Checklist Dutch Species Register - Nederlands Soortenregister,152462179,NA,TRUE
6229058,Spaanse parelmoervlinder,nld,NA,EUNIS Biodiversity Database,101155869,NA,NA
5881471,Steppeparelmoervlinder,nld,NA,EUNIS Biodiversity Database,101155858,NA,NA
5881471,Steppeparelmoervlinder,nld,NA,Catalogue of the Lepidoptera of Belgium,148708955,NA,NA
5881471,steppeparelmoervlinder,nld,BE,Belgian Species List,100464482,NA,NA
5881471,Steppeparelmoervlinder,nld,NA,Checklist Dutch Species Register - Nederlands Soortenregister,152462176,NA,TRUE
5792088,Dwergparelmoervlinder,nld,NA,EUNIS Biodiversity Database,101155854,NA,NA
1899818,Centaurieparelmoervlinder,nld,NA,EUNIS Biodiversity Database,101155853,NA,NA
8393082,Tweekleurige parelmoervlinder,nld,NA,Catalogue of the Lepidoptera of Belgium,148708958,NA,NA
8393082,Tweekleurige parelmoervlinder,nld,NA,EUNIS Biodiversity Database,101155871,NA,NA
8393082,tweekleurige parelmoervlinder,nld,BE,Belgian Species List,100464501,NA,NA
8393082,Tweekleurige parelmoervlinder,nld,NA,Checklist Dutch Species Register - Nederlands Soortenregister,124600655,NA,TRUE
1899349,Toortsparelmoervlinder,nld,NA,EUNIS Biodiversity Database,101155889,NA,NA
5792087,Westelijke parelmoervlinder,nld,NA,EUNIS Biodiversity Database,101155881,NA,NA
1899737,Moorse parelmoervlinder,nld,NA,EUNIS Biodiversity Database,101155850,NA,NA
7598816,Oostelijke parelmoervlinder,nld,NA,EUNIS Biodiversity Database,101155865,NA,NA
7934873,Knoopkruidparelmoervlinder,nld,NA,EUNIS Biodiversity Database,101155883,NA,NA
7934873,Knoopkruidparelmoervlinder,nld,NA,Catalogue of the Lepidoptera of Belgium,148708961,NA,NA
7768674,Woudparelmoervlinder,nld,NA,Catalogue of the Lepidoptera of Belgium,148708959,NA,NA
7768674,Woudparelmoervlinder,nld,NA,EUNIS Biodiversity Database,101155870,NA,NA
7768674,woudparelmoervlinder,nld,BE,Belgian Species List,100464492,NA,NA
7768674,Woudparelmoervlinder,nld,NA,Checklist Dutch Species Register - Nederlands Soortenregister,152462178,NA,TRUE
8168644,Veldparelmoervlinder,nld,NA,Catalogue of the Lepidoptera of Belgium,148708957,NA,NA
8168644,Veldparelmoervlinder,nld,NA,EUNIS Biodiversity Database,101155866,NA,NA
8168644,veldparelmoervlinder,nld,BE,Belgian Species List,100464486,NA,NA
8168644,Veldparelmoervlinder,nld,NA,Checklist Dutch Species Register - Nederlands Soortenregister,152462177,NA,TRUE
4535634,Kleine rotsvlinder,nld,NA,EUNIS Biodiversity Database,101139037,NA,NA
4535636,Rotsvlinder,nld,NA,Catalogue of the Lepidoptera of Belgium,148711285,NA,NA
4535636,Rotsvlinder,nld,NA,EUNIS Biodiversity Database,101139034,NA,NA
4535636,rotsvlinder,nld,BE,Belgian Species List,100464385,NA,NA
4535636,Rotsvlinder,nld,NA,Checklist Dutch Species Register - Nederlands Soortenregister,152462124,NA,TRUE
4535632,Argusvlinder,nld,NA,EUNIS Biodiversity Database,101139035,NA,NA
4535632,Argusvlinder,nld,NA,Catalogue of the Lepidoptera of Belgium,148711284,NA,NA
4535632,argusvlinder,nld,BE,Belgian Species List,100464389,NA,NA
4535632,Argusvlinder,nld,NA,Checklist Dutch Species Register - Nederlands Soortenregister,152462125,NA,TRUE
4535627,Vale argusvlinder,nld,NA,EUNIS Biodiversity Database,101139036,NA,NA
7809779,Bosrandparelmoervlinder,nld,NA,Catalogue of the Lepidoptera of Belgium,148708238,NA,NA
7809779,Bosrandparelmoervlinder,nld,NA,Checklist Dutch Species Register - Nederlands Soortenregister,124600737,NA,TRUE
7809779,Adippevlinder,nld,NA,Checklist Dutch Species Register - Nederlands Soortenregister,124600737,NA,FALSE
8078362,Duinparelmoervlinder,nld,NA,Catalogue of the Lepidoptera of Belgium,148708239,NA,NA
8078362,Duinparelmoervlinder,nld,NA,Checklist Dutch Species Register - Nederlands Soortenregister,152462215,NA,TRUE
5131096,Spireazwever,nld,NA,EUNIS Biodiversity Database,101169968,NA,NA
5131142,Lathyruszwever,nld,NA,EUNIS Biodiversity Database,101169969,NA,NA
4535754,Dubbeloog,nld,NA,EUNIS Biodiversity Database,101253121,NA,NA
5134583,Asturische erebia,nld,NA,EUNIS Biodiversity Database,101076822,NA,NA
5134971,Parelsnoerbergerebia,nld,NA,EUNIS Biodiversity Database,101076712,NA,NA
5134682,Boserebia,nld,NA,Catalogue of the Lepidoptera of Belgium,148706827,NA,NA
5134682,Boserebia,nld,NA,EUNIS Biodiversity Database,101076771,NA,NA
5134682,boserebia,nld,BE,Belgian Species List,100464293,NA,NA
5134682,Boserebia,nld,NA,Checklist Dutch Species Register - Nederlands Soortenregister,152462118,NA,TRUE
8262258,Zwarte erebia,nld,NA,EUNIS Biodiversity Database,101076789,NA,NA
7550371,Herfsterebia,nld,NA,EUNIS Biodiversity Database,101076803,NA,NA
8214814,Alpenzijde-erebia,nld,NA,EUNIS Biodiversity Database,101076794,NA,NA
5134601,Bulgaarse bergerebia,nld,NA,EUNIS Biodiversity Database,101076817,NA,NA
7791190,Bontoogerebia,nld,NA,EUNIS Biodiversity Database,101076812,NA,NA
7485657,Roeterebia,nld,NA,EUNIS Biodiversity Database,101076832,NA,NA
8167638,Bergerebia,nld,NA,EUNIS Biodiversity Database,101076730,NA,NA
5134795,Pyreneeendauwerebia,nld,NA,EUNIS Biodiversity Database,101076859,NA,NA
5135146,Poolerebia,nld,NA,EUNIS Biodiversity Database,101076834,NA,NA
5135087,Oostenrijkse erebia,nld,NA,EUNIS Biodiversity Database,101076864,NA,NA
5135314,Julische glanserebia,nld,NA,EUNIS Biodiversity Database,101076700,NA,NA
9171077,Karinthische erebia,nld,NA,EUNIS Biodiversity Database,101076862,NA,NA
5134917,Oostelijke glanserebia,nld,NA,EUNIS Biodiversity Database,101076819,NA,NA
5135191,Zomererebia,nld,NA,Catalogue of the Lepidoptera of Belgium,148706828,NA,NA
5135191,Zomererebia,nld,NA,EUNIS Biodiversity Database,101076678,NA,NA
5135191,zomererebia,nld,BE,Belgian Species List,100464287,NA,NA
5135191,Zomererebia,nld,NA,Checklist Dutch Species Register - Nederlands Soortenregister,124600527,NA,TRUE
5134607,Pyreneeenzijde-erebia,nld,NA,EUNIS Biodiversity Database,101076754,NA,NA
7738295,Gewone dauwerebia,nld,NA,EUNIS Biodiversity Database,101076824,NA,NA
8137978,Gewone glanserebia,nld,NA,EUNIS Biodiversity Database,101076706,NA,NA
8233062,Zwitserse glanserebia,nld,NA,EUNIS Biodiversity Database,101076883,NA,NA
8298764,Blinde bergerebia,nld,NA,EUNIS Biodiversity Database,101076827,NA,NA
5134808,Karpatenbergerebia,nld,NA,EUNIS Biodiversity Database,101076867,NA,NA
5135370,Balkanzijde-erebia,nld,NA,EUNIS Biodiversity Database,101076847,NA,NA
5134820,Geelbandbergerebia,nld,NA,EUNIS Biodiversity Database,101076749,NA,NA
5134693,Noordse erebia,nld,NA,EUNIS Biodiversity Database,101076720,NA,NA
5134469,Grote erebia,nld,NA,EUNIS Biodiversity Database,101076742,NA,NA
5134686,Lente-erebia,nld,NA,EUNIS Biodiversity Database,101076735,NA,NA
8314088,Voorjaarserebia,nld,NA,Catalogue of the Lepidoptera of Belgium,148706826,NA,NA
8314088,voorjaarserebia,nld,BE,Belgian Species List,100464300,NA,NA
8314088,Voorjaarserebia,nld,NA,Checklist Dutch Species Register - Nederlands Soortenregister,152462119,NA,TRUE
7557625,Watererebia,nld,NA,EUNIS Biodiversity Database,101076836,NA,NA
5134777,Simplonbergerebia,nld,NA,EUNIS Biodiversity Database,101076708,NA,NA
5135199,Provencaalse erebia,nld,NA,EUNIS Biodiversity Database,101076853,NA,NA
5135090,Spaanse glanserebia,nld,NA,EUNIS Biodiversity Database,101076758,NA,NA
5134621,Kastiliaanse erebia,nld,NA,EUNIS Biodiversity Database,101076890,NA,NA
5134884,Alpenglanserebia,nld,NA,EUNIS Biodiversity Database,101076808,NA,NA
8047165,Gewone zijde-erebia,nld,NA,EUNIS Biodiversity Database,101076751,NA,NA
5134667,Siberische erebia,nld,NA,EUNIS Biodiversity Database,101076728,NA,NA
7791558,Donkere erebia,nld,NA,EUNIS Biodiversity Database,101076791,NA,NA
5134837,Kleine bergerebia,nld,NA,EUNIS Biodiversity Database,101076786,NA,NA
5134543,Amandeloogerebia,nld,NA,EUNIS Biodiversity Database,101076681,NA,NA
5134569,Alpenbergerebia,nld,NA,EUNIS Biodiversity Database,101076738,NA,NA
7940299,Cantabrische erebia,nld,NA,EUNIS Biodiversity Database,101076767,NA,NA
7428726,Thor's parelmoervlinder,nld,NA,EUNIS Biodiversity Database,100956446,NA,NA
5772893,Zilvervlek,nld,NA,EUNIS Biodiversity Database,100956402,NA,NA
5772893,Zilvervlek,nld,NA,Catalogue of the Lepidoptera of Belgium,148708421,NA,NA
5772893,zilvervlek,nld,BE,Belgian Species List,100464185,NA,NA
5772893,Zilvervlek,nld,NA,Checklist Dutch Species Register - Nederlands Soortenregister,152462152,NA,TRUE
4299597,Titania's parelmoervlinder,nld,NA,EUNIS Biodiversity Database,100956451,NA,NA
4299581,Donkere parelmoervlinder,nld,NA,EUNIS Biodiversity Database,100956415,NA,NA
1912325,Zilveren maan,nld,NA,Catalogue of the Lepidoptera of Belgium,148708422,NA,NA
1912325,Zilveren maan,nld,NA,EUNIS Biodiversity Database,100956438,NA,NA
1912325,zilveren maan,nld,BE,Belgian Species List,100464197,NA,NA
1912325,Zilveren maan,nld,NA,Checklist Dutch Species Register - Nederlands Soortenregister,124600807,NA,TRUE
4299599,Freija's parelmoervlinder,nld,NA,EUNIS Biodiversity Database,100956406,NA,NA
1912372,Veenbesparelmoervlinder,nld,NA,Catalogue of the Lepidoptera of Belgium,148708417,NA,NA
1912372,Veenbesparelmoervlinder,nld,NA,EUNIS Biodiversity Database,100956384,NA,NA
1912372,veenbesparelmoervlinder,nld,BE,Belgian Species List,100464172,NA,NA
1912372,Veenbesparelmoervlinder,nld,NA,Checklist Dutch Species Register - Nederlands Soortenregister,152462151,NA,TRUE
4299535,Ringoogparelmoervlinder,nld,NA,EUNIS Biodiversity Database,100956398,NA,NA
4299535,Ringoogparelmoervlinder,nld,NA,Catalogue of the Lepidoptera of Belgium,148708414,NA,NA
4299565,Arctische parelmoervlinder,nld,NA,EUNIS Biodiversity Database,100956389,NA,NA
7799370,Herdersparelmoervlinder,nld,NA,EUNIS Biodiversity Database,100956426,NA,NA
4299576,Frigga's parelmoervlinder,nld,NA,EUNIS Biodiversity Database,100956410,NA,NA
5772890,Akkerparelmoervlinder,nld,NA,Catalogue of the Lepidoptera of Belgium,148708423,NA,NA
5772890,Akkerparelmoervlinder,nld,NA,EUNIS Biodiversity Database,100956393,NA,NA
5772890,"paarse parelmoervlinder, akkerparelmoervlinder",nld,BE,Belgian Species List,100464177,NA,NA
5772890,Paarse parelmoervlinder,nld,NA,Checklist Dutch Species Register - Nederlands Soortenregister,152462149,NA,TRUE
5772890,Akkerparelmoervlinder,nld,NA,Checklist Dutch Species Register - Nederlands Soortenregister,152462149,NA,FALSE
1912395,Balkanparelmoervlinder,nld,NA,EUNIS Biodiversity Database,100956413,NA,NA
4299553,Poolparelmoervlinder,nld,NA,EUNIS Biodiversity Database,100956431,NA,NA
1912470,Bergparelmoervlinder,nld,NA,EUNIS Biodiversity Database,100956420,NA,NA
1911684,Ioannina heremiet,nld,NA,EUNIS Biodiversity Database,101205726,NA,NA
1911683,Grauwe heremiet,nld,NA,EUNIS Biodiversity Database,101205733,NA,NA
4535596,Witbandheremiet,nld,NA,EUNIS Biodiversity Database,101205727,NA,NA
1911656,Griekse heremiet,nld,NA,EUNIS Biodiversity Database,101205734,NA,NA
4535585,Bulgaarse heremiet,nld,NA,EUNIS Biodiversity Database,101205737,NA,NA
8396242,Bleek hooibeestje,nld,NA,EUNIS Biodiversity Database,101021556,NA,NA
7728366,Tweekleurig hooibeestje,nld,NA,Catalogue of the Lepidoptera of Belgium,148707459,NA,NA
7728366,Tweekleurig hooibeestje,nld,NA,EUNIS Biodiversity Database,101021546,NA,NA
7728366,tweekleurig hooibeestje,nld,BE,Belgian Species List,100464237,NA,NA
7728366,Tweekleurig hooibeestje,nld,NA,Checklist Dutch Species Register - Nederlands Soortenregister,152462139,NA,TRUE
1911125,Roodstreephooibeestje,nld,NA,EUNIS Biodiversity Database,101021565,NA,NA
1911125,Roodstreephooibeestje,nld,NA,Catalogue of the Lepidoptera of Belgium,148707461,NA,NA
1911467,Alpenhooibeestje,nld,NA,EUNIS Biodiversity Database,101021563,NA,NA
1911298,Turks hooibeestje,nld,NA,EUNIS Biodiversity Database,101021575,NA,NA
1911461,Hooibeestje,nld,NA,EUNIS Biodiversity Database,101021597,NA,NA
1911461,Hooibeestje,nld,NA,Catalogue of the Lepidoptera of Belgium,148707458,NA,NA
1911461,hooibeestje,nld,BE,Belgian Species List,100464249,NA,NA
1911461,Hooibeestje,nld,NA,Checklist Dutch Species Register - Nederlands Soortenregister,124600419,NA,TRUE
1911093,Goudooghooibeestje,nld,NA,EUNIS Biodiversity Database,101021592,NA,NA
1911182,Corsicaans hooibeestje,nld,NA,EUNIS Biodiversity Database,101021551,NA,NA
1911107,Balkanhooibeestje,nld,NA,EUNIS Biodiversity Database,101021600,NA,NA
1911112,Veenhooibeestje,nld,NA,Catalogue of the Lepidoptera of Belgium,148707455,NA,NA
1911112,Veenhooibeestje,nld,NA,EUNIS Biodiversity Database,101021613,NA,NA
1911112,veenhooibeestje,nld,BE,Belgian Species List,100464255,NA,NA
1911112,Veenhooibeestje,nld,NA,Checklist Dutch Species Register - Nederlands Soortenregister,152462143,NA,TRUE
1911122,Kretahooibeestje,nld,NA,EUNIS Biodiversity Database,101021609,NA,NA
1911168,Zilverstreephooibeestje,nld,NA,Catalogue of the Lepidoptera of Belgium,148707460,NA,NA
1911168,Zilverstreephooibeestje,nld,NA,EUNIS Biodiversity Database,101021568,NA,NA
1911168,zilverstreephooibeestje,nld,BE,Belgian Species List,100464243,NA,NA
1911168,Zilverstreephooibeestje,nld,NA,Checklist Dutch Species Register - Nederlands Soortenregister,152462141,NA,TRUE
8412282,Zuidelijke heivlinder,nld,NA,EUNIS Biodiversity Database,101119575,NA,NA
1918854,Balkanboswachter,nld,NA,EUNIS Biodiversity Database,101119655,NA,NA
8176911,Heivlinder,nld,NA,EUNIS Biodiversity Database,101119647,NA,NA
8176911,Heivlinder,nld,NA,Catalogue of the Lepidoptera of Belgium,148711462,NA,NA
8176911,heivlinder,nld,BE,Belgian Species List,100464336,NA,NA
8176911,Heivlinder,nld,NA,Checklist Dutch Species Register - Nederlands Soortenregister,124600558,NA,TRUE
1918736,Donkere heivlinder,nld,NA,EUNIS Biodiversity Database,101119607,NA,NA
1918843,Turkse heivlinder,nld,NA,EUNIS Biodiversity Database,101119641,NA,NA
1918859,Corsicaanse heivlinder,nld,NA,EUNIS Biodiversity Database,101119635,NA,NA
1918882,Egeische heivlinder,nld,NA,EUNIS Biodiversity Database,101119625,NA,NA
1918632,Gestreepte heivlinder,nld,NA,EUNIS Biodiversity Database,101119609,NA,NA
1918669,Grote boswachter,nld,NA,Catalogue of the Lepidoptera of Belgium,148711459,NA,NA
1918669,Grote boswachter,nld,NA,EUNIS Biodiversity Database,101119605,NA,NA
1918669,grote boswachter,nld,BE,Belgian Species List,100464329,NA,NA
1918669,Grote boswachter,nld,NA,Checklist Dutch Species Register - Nederlands Soortenregister,124600563,NA,TRUE
1918706,Karpathosheivlinder,nld,NA,EUNIS Biodiversity Database,101119594,NA,NA
8035998,Kleine heivlinder,nld,NA,Catalogue of the Lepidoptera of Belgium,148711465,NA,NA
8035998,Kleine heivlinder,nld,NA,EUNIS Biodiversity Database,101119653,NA,NA
8035998,kleine heivlinder,nld,BE,Belgian Species List,100464343,NA,NA
8035998,Kleine heivlinder,nld,NA,Checklist Dutch Species Register - Nederlands Soortenregister,152462122,NA,TRUE
1918694,Kretaheivlinder,nld,NA,EUNIS Biodiversity Database,101119596,NA,NA
1918733,Balkanheivlinder,nld,NA,EUNIS Biodiversity Database,101119664,NA,NA
5772938,Cypriotisch bruin zandoogje,nld,NA,EUNIS Biodiversity Database,101152455,NA,NA
9079889,Egeisch bruin zandoogje,nld,NA,EUNIS Biodiversity Database,101152456,NA,NA
5772937,Turks bruin zandoogje,nld,NA,EUNIS Biodiversity Database,101152458,NA,NA
5135538,Sardijns bruin zandoogje,nld,NA,EUNIS Biodiversity Database,101152459,NA,NA
5135513,Bruin zandoogje,nld,NA,Catalogue of the Lepidoptera of Belgium,148709070,NA,NA
5135513,Bruin zandoogje,nld,NA,EUNIS Biodiversity Database,101152457,NA,NA
5135513,bruin zandoogje,nld,BE,Belgian Species List,100464448,NA,NA
5135513,Bruin zandoogje,nld,NA,Checklist Dutch Species Register - Nederlands Soortenregister,124600516,NA,TRUE
5135546,Levant bruin zandoogje,nld,NA,EUNIS Biodiversity Database,101152460,NA,NA
5792082,Chios bruin zandoogje,nld,NA,EUNIS Biodiversity Database,101152454,NA,NA
1945877,Gierstdikkopje,nld,NA,EUNIS Biodiversity Database,101187952,NA,NA
1946844,Groot dikkopje,nld,NA,Catalogue of the Lepidoptera of Belgium,148710723,NA,NA
1946844,Groot dikkopje,nld,NA,Checklist Dutch Species Register - Nederlands Soortenregister,152462036,NA,TRUE
1947306,Geelbont dikkopje,nld,NA,EUNIS Biodiversity Database,100987109,NA,NA
1947335,Bont dikkopje,nld,NA,Catalogue of the Lepidoptera of Belgium,148707920,NA,NA
1947335,Bont dikkopje,nld,NA,EUNIS Biodiversity Database,100987105,NA,NA
1947335,bont dikkopje,nld,BE,Belgian Species List,100457853,NA,NA
1947335,Bont dikkopje,nld,NA,Checklist Dutch Species Register - Nederlands Soortenregister,124601089,NA,TRUE
5142352,Klein kustdikkopje,nld,NA,EUNIS Biodiversity Database,101096348,NA,NA
5142338,Groot kustdikkopje,nld,NA,EUNIS Biodiversity Database,101096346,NA,NA
1943397,Pluimdikkopje,nld,NA,EUNIS Biodiversity Database,100985496,NA,NA
8277078,Kaasjeskruiddikkopje,nld,NA,Catalogue of the Lepidoptera of Belgium,148707861,NA,NA
8277078,Kaasjeskruiddikkopje,nld,NA,EUNIS Biodiversity Database,100985480,NA,NA
8277078,kaasjeskruiddikkopje,nld,BE,Belgian Species List,100457838,NA,NA
8277078,Kaasjeskruiddikkopje,nld,NA,Checklist Dutch Species Register - Nederlands Soortenregister,152462044,NA,TRUE
8178854,Andoorndikkopje,nld,NA,EUNIS Biodiversity Database,100985501,NA,NA
4535386,Malrovedikkopje,nld,NA,EUNIS Biodiversity Database,100985489,NA,NA
1943388,Woestijndikkopje,nld,NA,EUNIS Biodiversity Database,100985509,NA,NA
1943410,Oostelijk andoorndikkopje,nld,NA,EUNIS Biodiversity Database,100985505,NA,NA
1945597,Oostelijk kalkgraslanddikkopje,nld,NA,EUNIS Biodiversity Database,101226918,NA,NA
1945569,Kalkgraslanddikkopje,nld,NA,Catalogue of the Lepidoptera of Belgium,148709520,NA,NA
1945569,Kalkgraslanddikkopje,nld,NA,EUNIS Biodiversity Database,101226920,NA,NA
1945569,kalkgraslanddikkopje,nld,BE,Belgian Species List,100458009,NA,NA
1945569,Kalkgraslanddikkopje,nld,NA,Checklist Dutch Species Register - Nederlands Soortenregister,152462051,NA,TRUE
1945619,Corsicaans kalkgraslanddikkop,nld,NA,EUNIS Biodiversity Database,101226921,NA,NA
1945589,Groot windedikkopje,nld,NA,EUNIS Biodiversity Database,101226919,NA,NA
5141677,Spiegeldikkopje,nld,NA,EUNIS Biodiversity Database,101118370,NA,NA
5141677,Spiegeldikkopje,nld,NA,Catalogue of the Lepidoptera of Belgium,148711469,NA,NA
5141677,spiegeldikkopje,nld,BE,Belgian Species List,100457904,NA,NA
5141677,Spiegeldikkopje,nld,NA,Checklist Dutch Species Register - Nederlands Soortenregister,152462047,NA,TRUE
1946661,Borbodikkopje,nld,NA,EUNIS Biodiversity Database,100957165,NA,NA
4535400,Groot brandkruiddikkopje,nld,NA,EUNIS Biodiversity Database,101164345,NA,NA
4535396,Klein brandkruiddikkopje,nld,NA,EUNIS Biodiversity Database,101164344,NA,NA
4535398,Mozaiekdikkopje,nld,NA,EUNIS Biodiversity Database,101164343,NA,NA
8133678,Zwartsprietdikkopje,nld,NA,Catalogue of the Lepidoptera of Belgium,148709268,NA,NA
8133678,Zwartsprietdikkopje,nld,NA,EUNIS Biodiversity Database,101239585,NA,NA
8133678,zwartsprietdikkopje,nld,BE,Belgian Species List,100458031,NA,NA
8133678,Zwartsprietdikkopje,nld,NA,Checklist Dutch Species Register - Nederlands Soortenregister,124601117,NA,TRUE
8273661,Geelsprietdikkopje,nld,NA,EUNIS Biodiversity Database,101239586,NA,NA
8273661,Geelsprietdikkopje,nld,NA,Catalogue of the Lepidoptera of Belgium,148709265,NA,NA
8273661,geelsprietdikkopje,nld,BE,Belgian Species List,100458041,NA,NA
8273661,Geelsprietdikkopje,nld,NA,Checklist Dutch Species Register - Nederlands Soortenregister,124601110,NA,TRUE
1944072,Turks geelsprietdikkopje,nld,NA,EUNIS Biodiversity Database,101239584,NA,NA
8073674,Dwergdikkopje,nld,NA,Catalogue of the Lepidoptera of Belgium,148709267,NA,NA
8073674,Dwergdikkopje,nld,NA,EUNIS Biodiversity Database,101239581,NA,NA
8073674,dwergdikkopje,nld,BE,Belgian Species List,100458023,NA,NA
8073674,Dwergdikkopje,nld,NA,Checklist Dutch Species Register - Nederlands Soortenregister,152462095,NA,TRUE
8270406,Bruin dikkopje,nld,NA,Catalogue of the Lepidoptera of Belgium,148706799,NA,NA
8270406,Bruin dikkopje,nld,NA,EUNIS Biodiversity Database,101078819,NA,NA
8270406,bruin dikkopje,nld,BE,Belgian Species List,100457873,NA,NA
8270406,Bruin dikkopje,nld,NA,Checklist Dutch Species Register - Nederlands Soortenregister,124601096,NA,TRUE
5977247,Zwartbruin dikkopje,nld,NA,EUNIS Biodiversity Database,101078816,NA,NA
5715167,Kommavlinder,nld,NA,EUNIS Biodiversity Database,101117218,NA,NA
1949715,Westelijk spikkeldikkopje,nld,NA,EUNIS Biodiversity Database,101210592,NA,NA
1949715,westelijk spikkelijk dikkopje,nld,BE,Belgian Species List,100457959,NA,NA
1949715,Westelijk spikkeldikkopje,nld,NA,Checklist Dutch Species Register - Nederlands Soortenregister,124601037,NA,TRUE
1950006,Noords spikkeldikkopje,nld,NA,EUNIS Biodiversity Database,101210594,NA,NA
7637698,Witgezoomd spikkeldikkopje,nld,NA,Catalogue of the Lepidoptera of Belgium,148710129,NA,NA
7637698,Witgezoomd spikkeldikkopje,nld,NA,EUNIS Biodiversity Database,101210593,NA,NA
7637698,witgezoomd spikkeldikkopje,nld,BE,Belgian Species List,100457967,NA,NA
7637698,Witgezoomd spikkeldikkopje,nld,NA,Checklist Dutch Species Register - Nederlands Soortenregister,152462071,NA,TRUE
1949938,Zuidelijke aardbeivlinder,nld,NA,EUNIS Biodiversity Database,101210598,NA,NA
8109173,Aardbeivlinder,nld,NA,Catalogue of the Lepidoptera of Belgium,148710125,NA,NA
8109173,Aardbeivlinder,nld,NA,EUNIS Biodiversity Database,101210597,NA,NA
8109173,aardbeivlinder,nld,BE,Belgian Species List,100457984,NA,NA
8109173,Aardbeivlinder,nld,NA,Checklist Dutch Species Register - Nederlands Soortenregister,124601051,NA,TRUE
1949794,Groot spikkeldikkopje,nld,NA,EUNIS Biodiversity Database,101210587,NA,NA
1949794,Groot spikkeldikkopje,nld,NA,Catalogue of the Lepidoptera of Belgium,148710124,NA,NA
1949794,groot spikkeldikkopje,nld,BE,Belgian Species List,100457945,NA,NA
1949794,Groot spikkeldikkopje,nld,NA,Checklist Dutch Species Register - Nederlands Soortenregister,152462089,NA,TRUE
7997589,Rood spikkeldikkopje,nld,NA,EUNIS Biodiversity Database,101210596,NA,NA
7997589,rood spikkeldikkopje,nld,BE,Belgian Species List,100457975,NA,NA
7997589,Rood spikkeldikkopje,nld,NA,Checklist Dutch Species Register - Nederlands Soortenregister,124601033,NA,TRUE
1949850,Turks spikkeldikkopje,nld,NA,EUNIS Biodiversity Database,101210595,NA,NA
1949875,Alpenspikkeldikkopje,nld,NA,EUNIS Biodiversity Database,101210604,NA,NA
7683096,Donker spikkeldikkopje,nld,NA,EUNIS Biodiversity Database,101210591,NA,NA
1949954,Aambeeldspikkeldikkopje,nld,NA,EUNIS Biodiversity Database,101210599,NA,NA
1949954,aambeeldspikkeldikkopje,nld,BE,Belgian Species List,100457993,NA,NA
1949954,Aambeeldspikkeldikkopje,nld,NA,Checklist Dutch Species Register - Nederlands Soortenregister,152462064,NA,TRUE
1949852,Bergspikkeldikkopje,nld,NA,EUNIS Biodiversity Database,101210588,NA,NA
1949877,Geelbandspikkeldikkopje,nld,NA,EUNIS Biodiversity Database,101210603,NA,NA
1949929,Voorjaarsspikkeldikkopje,nld,NA,EUNIS Biodiversity Database,101210601,NA,NA
1949929,Voorjaarsspikkeldikkopje,nld,NA,Catalogue of the Lepidoptera of Belgium,148710121,NA,NA
1949784,Bretons spikkeldikkopje,nld,NA,Catalogue of the Lepidoptera of Belgium,148710123,NA,NA
1949784,Bretons spikkeldikkopje,nld,NA,EUNIS Biodiversity Database,101210589,NA,NA
1949784,bretons spikkeldikkopje,nld,BE,Belgian Species List,100457953,NA,NA
1949784,Bretons spikkeldikkopje,nld,NA,Checklist Dutch Species Register - Nederlands Soortenregister,152462065,NA,TRUE
1930110,Sleedoornpage,nld,NA,Catalogue of the Lepidoptera of Belgium,148709220,NA,NA
1930110,Sleedoornpage,nld,NA,EUNIS Biodiversity Database,101238291,NA,NA
1930110,sleedoornpage,nld,BE,Belgian Species List,100459030,NA,NA
1930110,Sleedoornpage,nld,NA,Checklist Dutch Species Register - Nederlands Soortenregister,152457391,NA,TRUE
1932976,Klein tijgerblauwtje,nld,NA,EUNIS Biodiversity Database,101142308,NA,NA
1925918,Boomblauwtje,nld,NA,Catalogue of the Lepidoptera of Belgium,148707923,NA,NA
1925918,Boomblauwtje,nld,NA,EUNIS Biodiversity Database,100990909,NA,NA
1925918,boomblauwtje,nld,BE,Belgian Species List,100458599,NA,NA
1925918,Boomblauwtje,nld,NA,Checklist Dutch Species Register - Nederlands Soortenregister,124579837,NA,TRUE
1924713,Tijgerblauwtje,nld,NA,Catalogue of the Lepidoptera of Belgium,148711270,NA,NA
1924713,Tijgerblauwtje,nld,NA,EUNIS Biodiversity Database,101137919,NA,NA
1924713,tijgerblauwtje,nld,BE,Belgian Species List,100458677,NA,NA
1924713,Tijgerblauwtje,nld,NA,Checklist Dutch Species Register - Nederlands Soortenregister,124579679,NA,TRUE
1922197,Essenpage,nld,NA,EUNIS Biodiversity Database,101137533,NA,NA
1928248,Vetkruidblauwtje,nld,NA,EUNIS Biodiversity Database,101220199,NA,NA
5714680,Kroonkruidblauwtje,nld,NA,Catalogue of the Lepidoptera of Belgium,148710315,NA,NA
5138561,Heideblauwtje,nld,NA,Catalogue of the Lepidoptera of Belgium,148710311,NA,NA
5138561,Heideblauwtje,nld,NA,Checklist Dutch Species Register - Nederlands Soortenregister,152457401,NA,TRUE
5714690,Vals heideblauwtje,nld,NA,Catalogue of the Lepidoptera of Belgium,148710314,NA,NA
5714690,Vals heideblauwtje,nld,NA,Checklist Dutch Species Register - Nederlands Soortenregister,152457395,NA,TRUE
4535180,Eikenpage,nld,NA,Catalogue of the Lepidoptera of Belgium,148707056,NA,NA
4535180,Eikenpage,nld,NA,Checklist Dutch Species Register - Nederlands Soortenregister,152457438,NA,TRUE
4535180,Eikepage,nld,NA,Checklist Dutch Species Register - Nederlands Soortenregister,152457438,NA,FALSE
1926385,Groene klaverpage,nld,NA,EUNIS Biodiversity Database,101241397,NA,NA
4535185,Roemeense klaverpage,nld,NA,EUNIS Biodiversity Database,101241399,NA,NA
1923019,Blazenstruikblauwtje,nld,NA,EUNIS Biodiversity Database,101132261,NA,NA
5139156,Klaverblauwtje,nld,NA,Catalogue of the Lepidoptera of Belgium,148708830,NA,NA
5139156,Klaverblauwtje,nld,NA,Checklist Dutch Species Register - Nederlands Soortenregister,124580095,NA,TRUE
4535106,Klein christusdoornblauwtje,nld,NA,EUNIS Biodiversity Database,101235127,NA,NA
1930904,Moors christusdoornblauwtje,nld,NA,EUNIS Biodiversity Database,101235128,NA,NA
1932411,Groentje,nld,NA,Catalogue of the Lepidoptera of Belgium,148707826,NA,NA
1932411,Groentje,nld,NA,EUNIS Biodiversity Database,100974788,NA,NA
1932411,groentje,nld,BE,Belgian Species List,100458582,NA,NA
1932411,Groentje,nld,NA,Checklist Dutch Species Register - Nederlands Soortenregister,124579980,NA,TRUE
1932393,Aardbeiboomgroentje,nld,NA,EUNIS Biodiversity Database,100974777,NA,NA
7552387,Spaanse eikepage,nld,NA,EUNIS Biodiversity Database,101217940,NA,NA
7508312,Kleine sleedoornpage,nld,NA,Catalogue of the Lepidoptera of Belgium,148710047,NA,NA
7508312,Kleine sleedoornpage,nld,NA,EUNIS Biodiversity Database,101217938,NA,NA
7391741,Wegedoornpage,nld,NA,Catalogue of the Lepidoptera of Belgium,148710046,NA,NA
7391741,Wegedoornpage,nld,NA,EUNIS Biodiversity Database,101217944,NA,NA
5882969,Bruine eikenpage,nld,NA,Catalogue of the Lepidoptera of Belgium,148710043,NA,NA
5882969,Bruine eikepage,nld,NA,EUNIS Biodiversity Database,101217941,NA,NA
5882969,"bruine eikenpage, bruine eikenpage",nld,BE,Belgian Species List,100458964,NA,NA
5882969,Bruine eikenpage,nld,NA,Checklist Dutch Species Register - Nederlands Soortenregister,152457480,NA,TRUE
5882969,Bruine eikenpage,nld,NA,Checklist Dutch Species Register - Nederlands Soortenregister,152457480,NA,FALSE
5882965,Iepenpage,nld,NA,Catalogue of the Lepidoptera of Belgium,148710045,NA,NA
5882965,Iepepage,nld,NA,EUNIS Biodiversity Database,101217945,NA,NA
5882965,"iepenpage, iepepage",nld,BE,Belgian Species List,100458998,NA,NA
5882965,Iepenpage,nld,NA,Checklist Dutch Species Register - Nederlands Soortenregister,152457479,NA,TRUE
5882965,Iepepage,nld,NA,Checklist Dutch Species Register - Nederlands Soortenregister,152457479,NA,FALSE
8830632,Duizendknooppage,nld,NA,EUNIS Biodiversity Database,101217942,NA,NA
5882980,Pruimenpage,nld,NA,Catalogue of the Lepidoptera of Belgium,148710042,NA,NA
5882980,Pruimepage,nld,NA,EUNIS Biodiversity Database,101217943,NA,NA
5882980,"pruimenpage, pruimepage",nld,BE,Belgian Species List,100458979,NA,NA
5882980,Pruimenpage,nld,NA,Checklist Dutch Species Register - Nederlands Soortenregister,124580004,NA,TRUE
5882980,Pruimepage,nld,NA,Checklist Dutch Species Register - Nederlands Soortenregister,124580004,NA,FALSE
1924097,Bloemenblauwtje,nld,NA,EUNIS Biodiversity Database,101099539,NA,NA
1924097,Bloemenblauwtje,nld,NA,Catalogue of the Lepidoptera of Belgium,148707023,NA,NA
1924077,Cypriotisch bloemenblauwtje,nld,NA,EUNIS Biodiversity Database,101099553,NA,NA
1924082,Spaans bloemenblauwtje,nld,NA,EUNIS Biodiversity Database,101099546,NA,NA
7664111,Zuidelijk esparcetteblauwtje,nld,NA,EUNIS Biodiversity Database,101200389,NA,NA
5772725,Aosta-esparcetteblauwtje,nld,NA,EUNIS Biodiversity Database,101200377,NA,NA
7445680,Groot tragantblauwtje,nld,NA,EUNIS Biodiversity Database,101200369,NA,NA
7634721,Esparcetteblauwtje,nld,NA,Catalogue of the Lepidoptera of Belgium,148709942,NA,NA
7634721,Esparcetteblauwtje,nld,NA,EUNIS Biodiversity Database,101200393,NA,NA
5772730,Frans vachtblauwtje,nld,NA,EUNIS Biodiversity Database,101200364,NA,NA
5140244,Vlaggewikkeblauwtje,nld,NA,EUNIS Biodiversity Database,101200367,NA,NA
5140311,Turkooisblauwtje,nld,NA,EUNIS Biodiversity Database,101200365,NA,NA
5140311,Turkooisblauwtje,nld,NA,Catalogue of the Lepidoptera of Belgium,148709945,NA,NA
9148357,Turks witstreepblauwtje,nld,NA,EUNIS Biodiversity Database,101200379,NA,NA
5772726,Macedonisch esparcetteblauwtje,nld,NA,EUNIS Biodiversity Database,101200384,NA,NA
7597891,Wikkeblauwtje,nld,NA,EUNIS Biodiversity Database,101200350,NA,NA
5772749,Kastiliaans esparcetteblauwtj,nld,NA,EUNIS Biodiversity Database,101200370,NA,NA
5772700,Nevadaturkooisblauwtje,nld,NA,EUNIS Biodiversity Database,101200374,NA,NA
5140436,Getand blauwtje,nld,NA,EUNIS Biodiversity Database,101200363,NA,NA
5772746,Grieks esparcetteblauwtje,nld,NA,EUNIS Biodiversity Database,101200352,NA,NA
5772736,Catalaans vachtblauwtje,nld,NA,EUNIS Biodiversity Database,101200371,NA,NA
5772702,Parelmoerblauwtje,nld,NA,EUNIS Biodiversity Database,101200385,NA,NA
7542963,Oostelijk esparcetteblauwtje,nld,NA,EUNIS Biodiversity Database,101200347,NA,NA
5140214,Icarusblauwtje,nld,NA,Catalogue of the Lepidoptera of Belgium,148709943,NA,NA
5140214,Icarusblauwtje,nld,NA,EUNIS Biodiversity Database,101200378,NA,NA
5140214,icarusblauwtje,nld,BE,Belgian Species List,100458928,NA,NA
5140214,Icarusblauwtje,nld,NA,Checklist Dutch Species Register - Nederlands Soortenregister,152457417,NA,TRUE
1929443,Rode vuurvlinder,nld,NA,EUNIS Biodiversity Database,101149474,NA,NA
1929443,Rode vuurvlinder,nld,NA,Catalogue of the Lepidoptera of Belgium,148711081,NA,NA
1929443,rode vuurvlinder,nld,BE,Belgian Species List,100458721,NA,NA
1929443,Rode vuurvlinder,nld,NA,Checklist Dutch Species Register - Nederlands Soortenregister,152457492,NA,TRUE
5882898,Bruine vuurvlinder,nld,NA,Catalogue of the Lepidoptera of Belgium,148711087,NA,NA
5882898,Bruine vuurvlinder,nld,NA,EUNIS Biodiversity Database,101149492,NA,NA
5882898,bruine vuurvlinder,nld,BE,Belgian Species List,100458744,NA,NA
5882898,Bruine vuurvlinder,nld,NA,Checklist Dutch Species Register - Nederlands Soortenregister,124580154,NA,TRUE
1929659,Morgenrood,nld,NA,Catalogue of the Lepidoptera of Belgium,148711090,NA,NA
1929659,Morgenrood,nld,NA,EUNIS Biodiversity Database,101149493,NA,NA
1929659,morgenrood,nld,BE,Belgian Species List,100458758,NA,NA
1929659,Morgenrood,nld,NA,Checklist Dutch Species Register - Nederlands Soortenregister,152457487,NA,TRUE
5792091,Griekse vuurvlinder,nld,NA,EUNIS Biodiversity Database,101149486,NA,NA
7865881,Balkanvuurvlinder,nld,NA,EUNIS Biodiversity Database,101149466,NA,NA
1929697,Kleine vuurvlinder,nld,NA,EUNIS Biodiversity Database,101149487,NA,NA
1929697,Kleine vuurvlinder,nld,NA,Catalogue of the Lepidoptera of Belgium,148711083,NA,NA
1929697,kleine vuurvlinder,nld,BE,Belgian Species List,100458735,NA,NA
1929697,Kleine vuurvlinder,nld,NA,Checklist Dutch Species Register - Nederlands Soortenregister,124580163,NA,TRUE
9036079,Oostelijke vuurvlinder,nld,NA,EUNIS Biodiversity Database,101149490,NA,NA
1929270,Grote vuurvlinder,nld,NA,EUNIS Biodiversity Database,101149467,NA,NA
1929270,Grote vuurvlinder,nld,NA,Catalogue of the Lepidoptera of Belgium,148711084,NA,NA
1929270,grote vuurvlinder,nld,BE,Belgian Species List,100458706,NA,NA
1929270,Grote vuurvlinder,nld,NA,Checklist Dutch Species Register - Nederlands Soortenregister,152457484,NA,TRUE
8356768,Violette vuurvlinder,nld,NA,EUNIS Biodiversity Database,101149461,NA,NA
7417698,Blauwe vuurvlinder,nld,NA,EUNIS Biodiversity Database,101149472,NA,NA
7417698,Blauwe vuurvlinder,nld,NA,Catalogue of the Lepidoptera of Belgium,148711085,NA,NA
1929402,Felle vuurvlinder,nld,NA,EUNIS Biodiversity Database,101149491,NA,NA
1933649,Amethistblauwtje,nld,NA,EUNIS Biodiversity Database,101253806,NA,NA
4535168,Tijmblauwtje,nld,NA,Catalogue of the Lepidoptera of Belgium,148710212,NA,NA
4535168,Tijmblauwtje,nld,NA,Checklist Dutch Species Register - Nederlands Soortenregister,124580077,NA,TRUE
7459402,Gentiaanblauwtje,nld,NA,Catalogue of the Lepidoptera of Belgium,148710210,NA,NA
7459402,Gentiaanblauwtje,nld,NA,Checklist Dutch Species Register - Nederlands Soortenregister,152457454,NA,TRUE
4535172,Pimpernelblauwtje,nld,NA,Catalogue of the Lepidoptera of Belgium,148710208,NA,NA
4535172,Pimpernelblauwtje,nld,NA,Checklist Dutch Species Register - Nederlands Soortenregister,124580075,NA,TRUE
4535165,Donker pimpernelblauwtje,nld,NA,Checklist Dutch Species Register - Nederlands Soortenregister,152457450,NA,TRUE
1925221,Bleek blauwtje,nld,NA,Catalogue of the Lepidoptera of Belgium,148709948,NA,NA
1925221,Bleek blauwtje,nld,NA,Checklist Dutch Species Register - Nederlands Soortenregister,152457409,NA,TRUE
1925233,Adonisblauwtje,nld,NA,Catalogue of the Lepidoptera of Belgium,148709949,NA,NA
1932752,Geraniumblauwtje,nld,NA,Catalogue of the Lepidoptera of Belgium,148707774,NA,NA
1932752,Geraniumblauwtje,nld,NA,EUNIS Biodiversity Database,100971707,NA,NA
1932752,Geraniumblauwtje,nld,NA,Checklist Dutch Species Register - Nederlands Soortenregister,152457482,NA,TRUE
7977706,Zilverbruin blauwtje,nld,NA,EUNIS Biodiversity Database,100927705,NA,NA
1933138,Vals bruin blauwtje,nld,NA,EUNIS Biodiversity Database,100927648,NA,NA
1933204,Moors bruin blauwtje,nld,NA,EUNIS Biodiversity Database,100927660,NA,NA
9195563,Balkan bruin blauwtje,nld,NA,EUNIS Biodiversity Database,100927643,NA,NA
1933163,Spaans bruin blauwtje,nld,NA,EUNIS Biodiversity Database,100927701,NA,NA
1933095,Bruin blauwtje,nld,NA,Catalogue of the Lepidoptera of Belgium,148708262,NA,NA
1933095,Bruin blauwtje,nld,NA,EUNIS Biodiversity Database,100927638,NA,NA
1933095,bruin blauwtje,nld,BE,Belgian Species List,100458557,NA,NA
1933095,Bruin blauwtje,nld,NA,Checklist Dutch Species Register - Nederlands Soortenregister,152457475,NA,TRUE
8020665,Veenbesblauwtje,nld,NA,Checklist Dutch Species Register - Nederlands Soortenregister,124579738,NA,TRUE
1922581,Oostelijk tijmblauwtje,nld,NA,EUNIS Biodiversity Database,101206425,NA,NA
1922584,Klein tijmblauwtje,nld,NA,EUNIS Biodiversity Database,101206422,NA,NA
1922584,Klein tijmblauwtje,nld,NA,Catalogue of the Lepidoptera of Belgium,148709882,NA,NA
1922572,Moors tijmblauwtje,nld,NA,EUNIS Biodiversity Database,101206420,NA,NA
4535101,Sardijns tijmblauwtje,nld,NA,EUNIS Biodiversity Database,101206421,NA,NA
4535092,Salieblauwtje,nld,NA,EUNIS Biodiversity Database,101206423,NA,NA
1926260,Dwergblauwtje,nld,NA,EUNIS Biodiversity Database,101037000,NA,NA
1926260,Dwergblauwtje,nld,NA,Catalogue of the Lepidoptera of Belgium,148708827,NA,NA
1926260,dwergblauwtje,nld,BE,Belgian Species List,100458628,NA,NA
1926260,Dwergblauwtje,nld,NA,Checklist Dutch Species Register - Nederlands Soortenregister,124579899,NA,TRUE
8030835,Zuidelijk dwergblauwtje,nld,NA,EUNIS Biodiversity Database,101037003,NA,NA
8068808,Oostelijk staartblauwtje,nld,NA,EUNIS Biodiversity Database,101036994,NA,NA
4535140,Staartblauwtje,nld,NA,EUNIS Biodiversity Database,101036989,NA,NA
4535140,Staartblauwtje,nld,NA,Catalogue of the Lepidoptera of Belgium,148708824,NA,NA
4535140,staartblauwtje,nld,BE,Belgian Species List,100458612,NA,NA
4535140,Staartblauwtje,nld,NA,Checklist Dutch Species Register - Nederlands Soortenregister,124579872,NA,TRUE
1926166,Moors dwergblauwtje,nld,NA,EUNIS Biodiversity Database,101036998,NA,NA
7985111,Zuidelijk staartblauwtje,nld,NA,EUNIS Biodiversity Database,101036987,NA,NA
