speciesKey	species	iucnRedListCategory	inFlanders	inWallonia	inBrussels	kingdom	kingdomKey	phylum	phylumKey	class	classKey	order	orderKey	family	familyKey	genus	genusKey
2701869	Juncus maritimus	NE	FALSE	FALSE	FALSE	Plantae	6	Tracheophyta	7707728	Liliopsida	196	Poales	1369	Juncaceae	5353	Juncus	2701072
8200663	Cymbalaria muralis	NE	TRUE	TRUE	TRUE	Plantae	6	Tracheophyta	7707728	Magnoliopsida	220	Lamiales	408	Plantaginaceae	2420	Cymbalaria	6008593
4126489	Calamagrostis arenaria	NE	FALSE	FALSE	FALSE	Plantae	6	Tracheophyta	7707728	Liliopsida	196	Poales	1369	Poaceae	3073	Calamagrostis	2704858
8351737	Hedera helix	NE	TRUE	TRUE	TRUE	Plantae	6	Tracheophyta	7707728	Magnoliopsida	220	Apiales	1351	Araliaceae	8800	Hedera	3036021
5281453	Grimmia pulvinata	NE	TRUE	FALSE	TRUE	Plantae	6	Bryophyta	35	Bryopsida	327	Grimmiales	1337	Grimmiaceae	8747	Grimmia	2673623
3105380	Carlina vulgaris	NE	TRUE	TRUE	FALSE	Plantae	6	Tracheophyta	7707728	Magnoliopsida	220	Asterales	414	Asteraceae	3065	Carlina	3105349
5334277	Lonicera periclymenum	NE	TRUE	TRUE	FALSE	Plantae	6	Tracheophyta	7707728	Magnoliopsida	220	Dipsacales	946	Caprifoliaceae	6710	Lonicera	2888645
2927305	Lavandula angustifolia	LC	TRUE	TRUE	TRUE	Plantae	6	Tracheophyta	7707728	Magnoliopsida	220	Lamiales	408	Lamiaceae	2497	Lavandula	2927302
2890212	Geranium pusillum	NE	TRUE	FALSE	FALSE	Plantae	6	Tracheophyta	7707728	Magnoliopsida	220	Geraniales	624	Geraniaceae	4676	Geranium	2889949
3172077	Veronica persica	NE	TRUE	TRUE	TRUE	Plantae	6	Tracheophyta	7707728	Magnoliopsida	220	Lamiales	408	Plantaginaceae	2420	Veronica	3172047
3149879	Tussilago farfara	NE	TRUE	TRUE	FALSE	Plantae	6	Tracheophyta	7707728	Magnoliopsida	220	Asterales	414	Asteraceae	3065	Tussilago	3149878
2650669	Asplenium scolopendrium	NE	TRUE	TRUE	TRUE	Plantae	6	Tracheophyta	7707728	Polypodiopsida	7228684	Polypodiales	392	Aspleniaceae	6625	Asplenium	2650583
2926682	Lamium purpureum	NE	TRUE	TRUE	TRUE	Plantae	6	Tracheophyta	7707728	Magnoliopsida	220	Lamiales	408	Lamiaceae	2497	Lamium	2926678
2682864	Diphyscium foliosum	NE	FALSE	FALSE	TRUE	Plantae	6	Bryophyta	35	Bryopsida	327	Diphysciales	12226524	Diphysciaceae	4280416	Diphyscium	2672969
5286308	Lunularia cruciata	NE	TRUE	FALSE	FALSE	Plantae	6	Marchantiophyta	9	Marchantiopsida	125	Lunulariales	911	Lunulariaceae	2264	Lunularia	2688664
5330661	Arum italicum	NE	TRUE	TRUE	TRUE	Plantae	6	Tracheophyta	7707728	Liliopsida	196	Alismatales	551	Araceae	6979	Arum	2869757
4280088	Polytrichum formosum	NE	TRUE	TRUE	FALSE	Plantae	6	Bryophyta	35	Polytrichopsida	12259753	Polytrichales	620	Polytrichaceae	4669	Polytrichum	2683053
3033227	Eranthis hyemalis	NE	TRUE	TRUE	TRUE	Plantae	6	Tracheophyta	7707728	Magnoliopsida	220	Ranunculales	399	Ranunculaceae	2410	Eranthis	3033226
3172001	Antirrhinum majus	NE	TRUE	TRUE	TRUE	Plantae	6	Tracheophyta	7707728	Magnoliopsida	220	Lamiales	408	Plantaginaceae	2420	Antirrhinum	3172000
3046015	Cardamine corymbosa	NE	TRUE	FALSE	FALSE	Plantae	6	Tracheophyta	7707728	Magnoliopsida	220	Brassicales	7225535	Brassicaceae	3112	Cardamine	3045622
2679713	Rhytidium rugosum	NE	FALSE	TRUE	FALSE	Plantae	6	Bryophyta	35	Bryopsida	327	Hypnales	617	Rhytidiaceae	4279441	Rhytidium	2679712
2914547	Galium saxatile	NE	FALSE	TRUE	FALSE	Plantae	6	Tracheophyta	7707728	Magnoliopsida	220	Gentianales	412	Rubiaceae	8798	Galium	2913027
5414995	Digitalis purpurea	NE	TRUE	FALSE	FALSE	Plantae	6	Tracheophyta	7707728	Magnoliopsida	220	Lamiales	408	Plantaginaceae	2420	Digitalis	3172032
8377689	Primula veris	NE	FALSE	TRUE	FALSE	Plantae	6	Tracheophyta	7707728	Magnoliopsida	220	Ericales	1353	Primulaceae	6674	Primula	8026112
5330580	Arum maculatum	NE	TRUE	TRUE	FALSE	Plantae	6	Tracheophyta	7707728	Liliopsida	196	Alismatales	551	Araceae	6979	Arum	2869757
5281229	Funaria hygrometrica	NE	TRUE	FALSE	FALSE	Plantae	6	Bryophyta	35	Bryopsida	327	Funariales	1338	Funariaceae	4645	Funaria	2673071
7960979	Urtica dioica	LC	TRUE	FALSE	FALSE	Plantae	6	Tracheophyta	7707728	Magnoliopsida	220	Rosales	691	Urticaceae	6639	Urtica	2984391
2681972	Hypnum cupressiforme	NE	TRUE	FALSE	FALSE	Plantae	6	Bryophyta	35	Bryopsida	327	Hypnales	617	Hypnaceae	8751	Hypnum	2673041
3117424	Bellis perennis	NE	TRUE	TRUE	TRUE	Plantae	6	Tracheophyta	7707728	Magnoliopsida	220	Asterales	414	Asteraceae	3065	Bellis	3117399
3033339	Ranunculus repens	NE	TRUE	FALSE	FALSE	Plantae	6	Tracheophyta	7707728	Magnoliopsida	220	Ranunculales	399	Ranunculaceae	2410	Ranunculus	3033294
3108983	Senecio vulgaris	NE	TRUE	TRUE	TRUE	Plantae	6	Tracheophyta	7707728	Magnoliopsida	220	Asterales	414	Asteraceae	3065	Senecio	3106738
2926683	Lamium album	NE	FALSE	TRUE	FALSE	Plantae	6	Tracheophyta	7707728	Magnoliopsida	220	Lamiales	408	Lamiaceae	2497	Lamium	2926678
2889173	Reynoutria japonica	NE	FALSE	TRUE	FALSE	Plantae	6	Tracheophyta	7707728	Magnoliopsida	220	Caryophyllales	422	Polygonaceae	2416	Reynoutria	8420120
3046258	Cardamine hirsuta	NE	TRUE	FALSE	TRUE	Plantae	6	Tracheophyta	7707728	Magnoliopsida	220	Brassicales	7225535	Brassicaceae	3112	Cardamine	3045622
8228544	Sonchus oleraceus	NE	TRUE	FALSE	TRUE	Plantae	6	Tracheophyta	7707728	Magnoliopsida	220	Asterales	414	Asteraceae	3065	Sonchus	3105646
2855356	Galanthus nivalis	NT	TRUE	TRUE	TRUE	Plantae	6	Tracheophyta	7707728	Liliopsida	196	Asparagales	1169	Amaryllidaceae	7682	Galanthus	2855324
2679696	Hylocomium splendens	NE	FALSE	TRUE	FALSE	Plantae	6	Bryophyta	35	Bryopsida	327	Hypnales	617	Hylocomiaceae	4652	Hylocomium	9478252
3120060	Achillea millefolium	LC	TRUE	FALSE	FALSE	Plantae	6	Tracheophyta	7707728	Magnoliopsida	220	Asterales	414	Asteraceae	3065	Achillea	3119995
2705308	Dactylis glomerata	NE	TRUE	FALSE	TRUE	Plantae	6	Tracheophyta	7707728	Liliopsida	196	Poales	1369	Poaceae	3073	Dactylis	2705307
6375040	Helleborus foetidus	NE	FALSE	TRUE	FALSE	Plantae	6	Tracheophyta	7707728	Magnoliopsida	220	Ranunculales	399	Ranunculaceae	2410	Helleborus	2741682
5289423	Typha latifolia	LC	TRUE	FALSE	FALSE	Plantae	6	Tracheophyta	7707728	Liliopsida	196	Poales	1369	Typhaceae	4246	Typha	2702102
2889828	Viscum album	NE	TRUE	TRUE	TRUE	Plantae	6	Tracheophyta	7707728	Magnoliopsida	220	Santalales	934	Viscaceae	2399	Viscum	2889827
2927324	Lamium galeobdolon	NE	TRUE	FALSE	FALSE	Plantae	6	Tracheophyta	7707728	Magnoliopsida	220	Lamiales	408	Lamiaceae	2497	Lamium	2926678
3109086	Senecio inaequidens	NE	TRUE	TRUE	TRUE	Plantae	6	Tracheophyta	7707728	Magnoliopsida	220	Asterales	414	Asteraceae	3065	Senecio	3106738
5414222	Ilex aquifolium	LC	TRUE	TRUE	TRUE	Plantae	6	Tracheophyta	7707728	Magnoliopsida	220	Aquifoliales	7226638	Aquifoliaceae	6716	Ilex	10792217
7319269	Polystichum aculeatum	NE	FALSE	TRUE	FALSE	Plantae	6	Tracheophyta	7707728	Polypodiopsida	7228684	Polypodiales	392	Dryopteridaceae	2373	Polystichum	2651085
2673299	Atrichum undulatum	NE	TRUE	FALSE	FALSE	Plantae	6	Bryophyta	35	Polytrichopsida	12259753	Polytrichales	620	Polytrichaceae	4669	Atrichum	2673296
3169131	Euonymus europaeus	LC	TRUE	FALSE	FALSE	Plantae	6	Tracheophyta	7707728	Magnoliopsida	220	Celastrales	950	Celastraceae	6715	Euonymus	3169115
5298231	Iris pseudacorus	LC	TRUE	FALSE	FALSE	Plantae	6	Tracheophyta	7707728	Liliopsida	196	Asparagales	1169	Iridaceae	7698	Iris	2748017
2882482	Calluna vulgaris	NE	TRUE	TRUE	FALSE	Plantae	6	Tracheophyta	7707728	Magnoliopsida	220	Ericales	1353	Ericaceae	2505	Calluna	2882481
5361801	Parietaria judaica	NE	TRUE	FALSE	TRUE	Plantae	6	Tracheophyta	7707728	Magnoliopsida	220	Rosales	691	Urticaceae	6639	Parietaria	2984308
4044517	Polystichum setiferum	NE	TRUE	FALSE	FALSE	Plantae	6	Tracheophyta	7707728	Polypodiopsida	7228684	Polypodiales	392	Dryopteridaceae	2373	Polystichum	2651085
2704395	Cynosurus cristatus	NE	FALSE	FALSE	FALSE	Plantae	6	Tracheophyta	7707728	Liliopsida	196	Poales	1369	Poaceae	3073	Cynosurus	2704393
3034819	Torilis nodosa	NE	TRUE	FALSE	FALSE	Plantae	6	Tracheophyta	7707728	Magnoliopsida	220	Apiales	1351	Apiaceae	6720	Torilis	3034818
2679866	Brachythecium albicans	NE	TRUE	FALSE	FALSE	Plantae	6	Bryophyta	35	Bryopsida	327	Hypnales	617	Brachytheciaceae	4651	Brachythecium	9479232
2792998	Ophrys apifera	NE	TRUE	FALSE	FALSE	Plantae	6	Tracheophyta	7707728	Liliopsida	196	Asparagales	1169	Orchidaceae	7689	Ophrys	2792579
8208358	Plantago lanceolata	NE	TRUE	FALSE	TRUE	Plantae	6	Tracheophyta	7707728	Magnoliopsida	220	Lamiales	408	Plantaginaceae	2420	Plantago	3189695
8016728	Sedum pallidum	NE	TRUE	FALSE	TRUE	Plantae	6	Tracheophyta	7707728	Magnoliopsida	220	Saxifragales	7219248	Crassulaceae	2406	Sedum	5361975
8435025	Dipsacus fullonum	NE	TRUE	TRUE	TRUE	Plantae	6	Tracheophyta	7707728	Magnoliopsida	220	Dipsacales	946	Caprifoliaceae	6710	Dipsacus	2888813
3046076	Cardamine flexuosa	NE	FALSE	TRUE	FALSE	Plantae	6	Tracheophyta	7707728	Magnoliopsida	220	Brassicales	7225535	Brassicaceae	3112	Cardamine	3045622
3033261	Anemone coronaria	NE	TRUE	TRUE	FALSE	Plantae	6	Tracheophyta	7707728	Magnoliopsida	220	Ranunculales	399	Ranunculaceae	2410	Anemone	3016227
3172062	Veronica beccabunga	LC	TRUE	FALSE	FALSE	Plantae	6	Tracheophyta	7707728	Magnoliopsida	220	Lamiales	408	Plantaginaceae	2420	Veronica	3172047
5334186	Chelidonium majus	NE	TRUE	TRUE	TRUE	Plantae	6	Tracheophyta	7707728	Magnoliopsida	220	Ranunculales	399	Papaveraceae	2422	Chelidonium	2888412
3173338	Buddleja davidii	NE	TRUE	TRUE	TRUE	Plantae	6	Tracheophyta	7707728	Magnoliopsida	220	Lamiales	408	Scrophulariaceae	2390	Buddleja	3173330
7886346	Hordeum murinum	LC	FALSE	FALSE	TRUE	Plantae	6	Tracheophyta	7707728	Liliopsida	196	Poales	1369	Poaceae	3073	Hordeum	2706050
2701339	Juncus bulbosus	LC	TRUE	FALSE	FALSE	Plantae	6	Tracheophyta	7707728	Liliopsida	196	Poales	1369	Juncaceae	5353	Juncus	2701072
2650625	Asplenium ruta-muraria	NE	TRUE	TRUE	TRUE	Plantae	6	Tracheophyta	7707728	Polypodiopsida	7228684	Polypodiales	392	Aspleniaceae	6625	Asplenium	2650583
2701261	Juncus articulatus	LC	TRUE	FALSE	FALSE	Plantae	6	Tracheophyta	7707728	Liliopsida	196	Poales	1369	Juncaceae	5353	Juncus	2701072
5281901	Campylopus introflexus	NE	TRUE	TRUE	FALSE	Plantae	6	Bryophyta	35	Bryopsida	327	Dicranales	1335	Leucobryaceae	3230064	Campylopus	2674696
2926901	Teucrium scorodonia	NE	TRUE	TRUE	FALSE	Plantae	6	Tracheophyta	7707728	Magnoliopsida	220	Lamiales	408	Lamiaceae	2497	Teucrium	2926895
5285637	Pinus sylvestris	LC	TRUE	TRUE	TRUE	Plantae	6	Tracheophyta	7707728	Pinopsida	194	Pinales	640	Pinaceae	3925	Pinus	2684241
8149099	Chenopodiastrum murale	NE	FALSE	FALSE	TRUE	Plantae	6	Tracheophyta	7707728	Magnoliopsida	220	Caryophyllales	422	Amaranthaceae	3064	Chenopodiastrum	7578202
3034391	Eryngium maritimum	NE	FALSE	FALSE	FALSE	Plantae	6	Tracheophyta	7707728	Magnoliopsida	220	Apiales	1351	Apiaceae	6720	Eryngium	3034387
3172358	Fraxinus excelsior	NT	TRUE	FALSE	FALSE	Plantae	6	Tracheophyta	7707728	Magnoliopsida	220	Lamiales	408	Oleaceae	6652	Fraxinus	3172323
2673408	Fontinalis antipyretica	NE	FALSE	TRUE	FALSE	Plantae	6	Bryophyta	35	Bryopsida	327	Hypnales	617	Fontinalaceae	8756	Fontinalis	2673403
3054168	Teesdalia nudicaulis	NE	TRUE	FALSE	FALSE	Plantae	6	Tracheophyta	7707728	Magnoliopsida	220	Brassicales	7225535	Brassicaceae	3112	Teesdalia	3054155
3033558	Clematis vitalba	NE	TRUE	TRUE	TRUE	Plantae	6	Tracheophyta	7707728	Magnoliopsida	220	Ranunculales	399	Ranunculaceae	2410	Clematis	3033512
2704179	Poa annua	LC	TRUE	FALSE	TRUE	Plantae	6	Tracheophyta	7707728	Liliopsida	196	Poales	1369	Poaceae	3073	Poa	2704173
5275365	Struthiopteris spicant	NE	TRUE	TRUE	FALSE	Plantae	6	Tracheophyta	7707728	Polypodiopsida	7228684	Polypodiales	392	Blechnaceae	2374	Struthiopteris	7296752
5274951	Polypodium vulgare	NE	TRUE	FALSE	FALSE	Plantae	6	Tracheophyta	7707728	Polypodiopsida	7228684	Polypodiales	392	Polypodiaceae	2368	Polypodium	2650111
2987999	Filipendula ulmaria	LC	FALSE	TRUE	FALSE	Plantae	6	Tracheophyta	7707728	Magnoliopsida	220	Rosales	691	Rosaceae	5015	Filipendula	2987968
5365717	Potentilla indica	NE	TRUE	TRUE	TRUE	Plantae	6	Tracheophyta	7707728	Magnoliopsida	220	Rosales	691	Rosaceae	5015	Potentilla	8079058
3085440	Cerastium glomeratum	NE	TRUE	FALSE	FALSE	Plantae	6	Tracheophyta	7707728	Magnoliopsida	220	Caryophyllales	422	Caryophyllaceae	2518	Cerastium	2873815
5406789	Alcea rosea	NE	TRUE	TRUE	TRUE	Plantae	6	Tracheophyta	7707728	Magnoliopsida	220	Malvales	941	Malvaceae	6685	Alcea	5406788
8133697	Fissidens incurvus	NE	FALSE	FALSE	TRUE	Plantae	6	Bryophyta	35	Bryopsida	327	Dicranales	1335	Fissidentaceae	4643	Fissidens	2673216
5275132	Dryopteris filix-mas	NE	TRUE	FALSE	FALSE	Plantae	6	Tracheophyta	7707728	Polypodiopsida	7228684	Polypodiales	392	Dryopteridaceae	2373	Dryopteris	2651126
3145214	Silybum marianum	LC	TRUE	TRUE	TRUE	Plantae	6	Tracheophyta	7707728	Magnoliopsida	220	Asterales	414	Asteraceae	3065	Silybum	3145213
3120284	Achillea filipendulina	NE	FALSE	FALSE	TRUE	Plantae	6	Tracheophyta	7707728	Magnoliopsida	220	Asterales	414	Asteraceae	3065	Achillea	3119995
2875979	Corylus avellana	LC	TRUE	TRUE	TRUE	Plantae	6	Tracheophyta	7707728	Magnoliopsida	220	Fagales	1354	Betulaceae	4688	Corylus	2875967
5284517	Taxus baccata	LC	TRUE	FALSE	FALSE	Plantae	6	Tracheophyta	7707728	Pinopsida	194	Pinales	640	Taxaceae	4863	Taxus	2684902
5353750	Hippocrepis comosa	LC	FALSE	TRUE	FALSE	Plantae	6	Tracheophyta	7707728	Magnoliopsida	220	Fabales	1370	Fabaceae	5386	Hippocrepis	2956616
3134857	Lapsana communis	NE	TRUE	FALSE	TRUE	Plantae	6	Tracheophyta	7707728	Magnoliopsida	220	Asterales	414	Asteraceae	3065	Lapsana	3134850
2882316	Fagus sylvatica	LC	TRUE	TRUE	TRUE	Plantae	6	Tracheophyta	7707728	Magnoliopsida	220	Fagales	1354	Fagaceae	4689	Fagus	2874875
2913548	Galium aparine	NE	TRUE	FALSE	FALSE	Plantae	6	Tracheophyta	7707728	Magnoliopsida	220	Gentianales	412	Rubiaceae	8798	Galium	2913027
2888728	Sambucus nigra	NE	TRUE	FALSE	FALSE	Plantae	6	Tracheophyta	7707728	Magnoliopsida	220	Dipsacales	946	Viburnaceae	4924416	Sambucus	2888721
2888605	Viburnum opulus	NE	TRUE	TRUE	FALSE	Plantae	6	Tracheophyta	7707728	Magnoliopsida	220	Dipsacales	946	Viburnaceae	4924416	Viburnum	2888580
9094061	Ficaria verna	NE	TRUE	TRUE	FALSE	Plantae	6	Tracheophyta	7707728	Magnoliopsida	220	Ranunculales	399	Ranunculaceae	2410	Ficaria	3234342
2890668	Geranium robertianum	NE	TRUE	FALSE	TRUE	Plantae	6	Tracheophyta	7707728	Magnoliopsida	220	Geraniales	624	Geraniaceae	4676	Geranium	2889949
5284884	Picea abies	LC	TRUE	TRUE	FALSE	Plantae	6	Tracheophyta	7707728	Pinopsida	194	Pinales	640	Pinaceae	3925	Picea	7606064
3021496	Prunus laurocerasus	LC	TRUE	TRUE	TRUE	Plantae	6	Tracheophyta	7707728	Magnoliopsida	220	Rosales	691	Rosaceae	5015	Prunus	3020559
2926557	Glechoma hederacea	NE	TRUE	FALSE	FALSE	Plantae	6	Tracheophyta	7707728	Magnoliopsida	220	Lamiales	408	Lamiaceae	2497	Glechoma	2926556
3172082	Veronica agrestis	NE	TRUE	FALSE	FALSE	Plantae	6	Tracheophyta	7707728	Magnoliopsida	220	Lamiales	408	Plantaginaceae	2420	Veronica	3172047
8334709	Conyza sumatrensis	NE	FALSE	TRUE	FALSE	Plantae	6	Tracheophyta	7707728	Magnoliopsida	220	Asterales	414	Asteraceae	3065	Conyza	7821792
2888946	Rumex longifolius	NE	FALSE	TRUE	FALSE	Plantae	6	Tracheophyta	7707728	Magnoliopsida	220	Caryophyllales	422	Polygonaceae	2416	Rumex	2888942
2927230	Stachys byzantina	NE	TRUE	TRUE	FALSE	Plantae	6	Tracheophyta	7707728	Magnoliopsida	220	Lamiales	408	Lamiaceae	2497	Stachys	2927228
3066965	Euphorbia lathyris	NE	TRUE	TRUE	TRUE	Plantae	6	Tracheophyta	7707728	Magnoliopsida	220	Malpighiales	1414	Euphorbiaceae	4691	Euphorbia	11397237
2984366	Soleirolia soleirolii	NE	TRUE	TRUE	TRUE	Plantae	6	Tracheophyta	7707728	Magnoliopsida	220	Rosales	691	Urticaceae	6639	Soleirolia	2984365
5371742	Anthriscus sylvestris	NE	TRUE	FALSE	FALSE	Plantae	6	Tracheophyta	7707728	Magnoliopsida	220	Apiales	1351	Apiaceae	6720	Anthriscus	5371741
7978544	Hydrocotyle ranunculoides	LC	TRUE	TRUE	FALSE	Plantae	6	Tracheophyta	7707728	Magnoliopsida	220	Apiales	1351	Araliaceae	8800	Hydrocotyle	3034601
2722051	Carex pendula	NE	TRUE	TRUE	FALSE	Plantae	6	Tracheophyta	7707728	Liliopsida	196	Poales	1369	Cyperaceae	7708	Carex	2721893
2682836	Pseudoscleropodium purum	NE	TRUE	TRUE	FALSE	Plantae	6	Bryophyta	35	Bryopsida	327	Hypnales	617	Brachytheciaceae	4651	Pseudoscleropodium	2682835
3034825	Heracleum mantegazzianum	LC	TRUE	TRUE	FALSE	Plantae	6	Tracheophyta	7707728	Magnoliopsida	220	Apiales	1351	Apiaceae	6720	Heracleum	3034824
2880539	Quercus rubra	LC	TRUE	TRUE	TRUE	Plantae	6	Tracheophyta	7707728	Magnoliopsida	220	Fagales	1354	Fagaceae	4689	Quercus	2877951
5410151	Campanula poscharskyana	NE	TRUE	TRUE	TRUE	Plantae	6	Tracheophyta	7707728	Magnoliopsida	220	Asterales	414	Campanulaceae	8801	Campanula	3161935
5361785	Myriophyllum aquaticum	NE	TRUE	FALSE	FALSE	Plantae	6	Tracheophyta	7707728	Magnoliopsida	220	Saxifragales	7219248	Haloragaceae	6694	Myriophyllum	2984253
8427624	Oxalis corniculata	NE	TRUE	TRUE	TRUE	Plantae	6	Tracheophyta	7707728	Magnoliopsida	220	Oxalidales	7224021	Oxalidaceae	6697	Oxalis	2891642
5352251	Robinia pseudoacacia	LC	TRUE	TRUE	TRUE	Plantae	6	Tracheophyta	7707728	Magnoliopsida	220	Fabales	1370	Fabaceae	5386	Robinia	2952066
2889173	Reynoutria japonica	NE	TRUE	TRUE	TRUE	Plantae	6	Tracheophyta	7707728	Magnoliopsida	220	Caryophyllales	422	Polygonaceae	2416	Reynoutria	8420120
8108066	Asplenium trichomanes	NE	TRUE	TRUE	FALSE	Plantae	6	Tracheophyta	7707728	Polypodiopsida	7228684	Polypodiales	392	Aspleniaceae	6625	Asplenium	2650583
3146683	Erigeron sumatrensis	NE	TRUE	TRUE	TRUE	Plantae	6	Tracheophyta	7707728	Magnoliopsida	220	Asterales	414	Asteraceae	3065	Erigeron	3146588
2986097	Ribes rubrum	NE	FALSE	TRUE	FALSE	Plantae	6	Tracheophyta	7707728	Magnoliopsida	220	Saxifragales	7219248	Grossulariaceae	2403	Ribes	2986095
7792079	Hieracium piloselloides	NE	FALSE	TRUE	FALSE	Plantae	6	Tracheophyta	7707728	Magnoliopsida	220	Asterales	414	Asteraceae	3065	Hieracium	3134951
NA	NA	NE	FALSE	TRUE	FALSE	Plantae	6	Tracheophyta	7707728	Liliopsida	196	Poales	1369	Poaceae	3073	Festuca	2704913
3046890	Sisymbrium officinale	NE	FALSE	FALSE	TRUE	Plantae	6	Tracheophyta	7707728	Magnoliopsida	220	Brassicales	7225535	Brassicaceae	3112	Sisymbrium	3046735
3146791	Erigeron canadensis	NE	FALSE	TRUE	FALSE	Plantae	6	Tracheophyta	7707728	Magnoliopsida	220	Asterales	414	Asteraceae	3065	Erigeron	3146588
9500140	Myriocoleopsis minutissima	NE	TRUE	FALSE	FALSE	Plantae	6	Marchantiophyta	9	Jungermanniopsida	126	Porellales	377	Lejeuneaceae	6118	Myriocoleopsis	2688924
2889011	Rumex obtusifolius	NE	TRUE	FALSE	FALSE	Plantae	6	Tracheophyta	7707728	Magnoliopsida	220	Caryophyllales	422	Polygonaceae	2416	Rumex	2888942
7473187	Draba verna	NE	TRUE	TRUE	FALSE	Plantae	6	Tracheophyta	7707728	Magnoliopsida	220	Brassicales	7225535	Brassicaceae	3112	Draba	3049396
3065239	Euphorbia amygdaloides	NE	FALSE	TRUE	FALSE	Plantae	6	Tracheophyta	7707728	Magnoliopsida	220	Malpighiales	1414	Euphorbiaceae	4691	Euphorbia	11397237
2688740	Frullania dilatata	NE	TRUE	TRUE	FALSE	Plantae	6	Marchantiophyta	9	Jungermanniopsida	126	Porellales	377	Frullaniaceae	2269	Frullania	2688736
3003244	Rosa multiflora	NE	TRUE	TRUE	TRUE	Plantae	6	Tracheophyta	7707728	Magnoliopsida	220	Rosales	691	Rosaceae	5015	Rosa	8395064
5389017	Solidago gigantea	NE	TRUE	TRUE	FALSE	Plantae	6	Tracheophyta	7707728	Magnoliopsida	220	Asterales	414	Asteraceae	3065	Solidago	5388868
2684709	Juniperus communis	LC	TRUE	FALSE	TRUE	Plantae	6	Tracheophyta	7707728	Pinopsida	194	Pinales	640	Cupressaceae	8144	Juniperus	2684359
3146791	Erigeron canadensis	NE	TRUE	TRUE	FALSE	Plantae	6	Tracheophyta	7707728	Magnoliopsida	220	Asterales	414	Asteraceae	3065	Erigeron	3146588
3054368	Juglans regia	LC	TRUE	TRUE	FALSE	Plantae	6	Tracheophyta	7707728	Magnoliopsida	220	Fagales	1354	Juglandaceae	2499	Juglans	3054350
3034922	Foeniculum vulgare	NE	TRUE	TRUE	FALSE	Plantae	6	Tracheophyta	7707728	Magnoliopsida	220	Apiales	1351	Apiaceae	6720	Foeniculum	10704390
5298765	Iris foetidissima	NE	TRUE	FALSE	FALSE	Plantae	6	Tracheophyta	7707728	Liliopsida	196	Asparagales	1169	Iridaceae	7698	Iris	2748017
3021730	Prunus cerasifera	DD	TRUE	TRUE	TRUE	Plantae	6	Tracheophyta	7707728	Magnoliopsida	220	Rosales	691	Rosaceae	5015	Prunus	3020559
2928751	Datura stramonium	NE	TRUE	TRUE	TRUE	Plantae	6	Tracheophyta	7707728	Magnoliopsida	220	Solanales	1176	Solanaceae	7717	Datura	2928734
3172291	Ligustrum ovalifolium	LC	TRUE	TRUE	TRUE	Plantae	6	Tracheophyta	7707728	Magnoliopsida	220	Lamiales	408	Oleaceae	6652	Ligustrum	3172289
5333294	Castanea sativa	LC	TRUE	TRUE	TRUE	Plantae	6	Tracheophyta	7707728	Magnoliopsida	220	Fagales	1354	Fagaceae	4689	Castanea	2882140
3034830	Heracleum sphondylium	NE	TRUE	FALSE	TRUE	Plantae	6	Tracheophyta	7707728	Magnoliopsida	220	Apiales	1351	Apiaceae	6720	Heracleum	3034824
2688969	Plagiochila porelloides	NE	FALSE	TRUE	FALSE	Plantae	6	Marchantiophyta	9	Jungermanniopsida	126	Jungermanniales	381	Plagiochilaceae	2278	Plagiochila	2688968
3093702	Hypochaeris radicata	NE	TRUE	FALSE	FALSE	Plantae	6	Tracheophyta	7707728	Magnoliopsida	220	Asterales	414	Asteraceae	3065	Hypochaeris	3093681
3082234	Cornus sanguinea	NE	FALSE	TRUE	FALSE	Plantae	6	Tracheophyta	7707728	Magnoliopsida	220	Cornales	949	Cornaceae	6713	Cornus	3082226
3026162	Cotoneaster franchetii	NE	FALSE	TRUE	FALSE	Plantae	6	Tracheophyta	7707728	Magnoliopsida	220	Rosales	691	Rosaceae	5015	Cotoneaster	3025563
5289756	Phalaris arundinacea	LC	FALSE	TRUE	FALSE	Plantae	6	Tracheophyta	7707728	Liliopsida	196	Poales	1369	Poaceae	3073	Phalaris	2703277
3033865	Mahonia aquifolium	NE	TRUE	TRUE	TRUE	Plantae	6	Tracheophyta	7707728	Magnoliopsida	220	Ranunculales	399	Berberidaceae	6673	Mahonia	3033842
2650617	Asplenium ceterach	NE	TRUE	FALSE	FALSE	Plantae	6	Tracheophyta	7707728	Polypodiopsida	7228684	Polypodiales	392	Aspleniaceae	6625	Asplenium	2650583
2876213	Alnus glutinosa	LC	TRUE	FALSE	TRUE	Plantae	6	Tracheophyta	7707728	Magnoliopsida	220	Fagales	1354	Betulaceae	4688	Alnus	2876099
7736011	Claytonia perfoliata	NE	TRUE	FALSE	FALSE	Plantae	6	Tracheophyta	7707728	Magnoliopsida	220	Caryophyllales	422	Montiaceae	4898338	Claytonia	3084729
4280646	Streblotrichum convolutum	NE	TRUE	FALSE	FALSE	Plantae	6	Bryophyta	35	Bryopsida	327	Pottiales	621	Pottiaceae	4671	Streblotrichum	2671243
2701311	Juncus effusus	LC	FALSE	FALSE	TRUE	Plantae	6	Tracheophyta	7707728	Liliopsida	196	Poales	1369	Juncaceae	5353	Juncus	2701072
7353729	Arctium lappa	NE	TRUE	FALSE	FALSE	Plantae	6	Tracheophyta	7707728	Magnoliopsida	220	Asterales	414	Asteraceae	3065	Arctium	8106066
5354656	Cytisus scoparius	NE	TRUE	FALSE	FALSE	Plantae	6	Tracheophyta	7707728	Magnoliopsida	220	Fabales	1370	Fabaceae	5386	Cytisus	8089532
2747564	Crocus tommasinianus	NE	TRUE	TRUE	TRUE	Plantae	6	Tracheophyta	7707728	Liliopsida	196	Asparagales	1169	Iridaceae	7698	Crocus	2747303
3172049	Veronica officinalis	NE	TRUE	TRUE	FALSE	Plantae	6	Tracheophyta	7707728	Magnoliopsida	220	Lamiales	408	Plantaginaceae	2420	Veronica	3172047
7127810	Cyclamen hederifolium	NE	TRUE	FALSE	TRUE	Plantae	6	Tracheophyta	7707728	Magnoliopsida	220	Ericales	1353	Primulaceae	6674	Cyclamen	3169314
3062975	Mercurialis annua	NE	TRUE	FALSE	TRUE	Plantae	6	Tracheophyta	7707728	Magnoliopsida	220	Malpighiales	1414	Euphorbiaceae	4691	Mercurialis	3062956
5421025	Ludwigia palustris	LC	TRUE	FALSE	FALSE	Plantae	6	Tracheophyta	7707728	Magnoliopsida	220	Myrtales	690	Onagraceae	2430	Ludwigia	3189286
3032833	Saxifraga tridactylites	NE	TRUE	FALSE	FALSE	Plantae	6	Tracheophyta	7707728	Magnoliopsida	220	Saxifragales	7219248	Saxifragaceae	2402	Saxifraga	2987833
2705449	Eragrostis minor	NE	TRUE	TRUE	TRUE	Plantae	6	Tracheophyta	7707728	Liliopsida	196	Poales	1369	Poaceae	3073	Eragrostis	2705322
12254365	Orthotrichum anomalum	NE	TRUE	FALSE	FALSE	Plantae	6	Bryophyta	35	Bryopsida	327	Orthotrichales	1341	Orthotrichaceae	4668	Orthotrichum	2672620
5280562	Tortula muralis	NE	TRUE	FALSE	FALSE	Plantae	6	Bryophyta	35	Bryopsida	327	Pottiales	621	Pottiaceae	4671	Tortula	9549878
5388602	Jacobaea vulgaris	NE	TRUE	FALSE	FALSE	Plantae	6	Tracheophyta	7707728	Magnoliopsida	220	Asterales	414	Asteraceae	3065	Jacobaea	7678064
5281519	Micromitrium tenerum	NE	TRUE	FALSE	FALSE	Plantae	6	Bryophyta	35	Bryopsida	327	Dicranales	1335	Micromitriaceae	10809786	Micromitrium	10435996
5375388	Capsella bursa-pastoris	NE	TRUE	FALSE	FALSE	Plantae	6	Tracheophyta	7707728	Magnoliopsida	220	Brassicales	7225535	Brassicaceae	3112	Capsella	3047430
3189739	Plantago coronopus	NE	TRUE	FALSE	FALSE	Plantae	6	Tracheophyta	7707728	Magnoliopsida	220	Lamiales	408	Plantaginaceae	2420	Plantago	3189695
5281381	Ceratodon purpureus	NE	TRUE	TRUE	FALSE	Plantae	6	Bryophyta	35	Bryopsida	327	Dicranales	1335	Ditrichaceae	8743	Ceratodon	2673445
2925514	Verbena bonariensis	NE	TRUE	TRUE	FALSE	Plantae	6	Tracheophyta	7707728	Magnoliopsida	220	Lamiales	408	Verbenaceae	6689	Verbena	2925470
5410411	Campanula portenschlagiana	NE	TRUE	TRUE	TRUE	Plantae	6	Tracheophyta	7707728	Magnoliopsida	220	Asterales	414	Campanulaceae	8801	Campanula	3161935
3112801	Cirsium vulgare	NE	TRUE	FALSE	TRUE	Plantae	6	Tracheophyta	7707728	Magnoliopsida	220	Asterales	414	Asteraceae	3065	Cirsium	3112554
3190538	Rhus typhina	LC	TRUE	TRUE	TRUE	Plantae	6	Tracheophyta	7707728	Magnoliopsida	220	Sapindales	933	Anacardiaceae	2398	Rhus	3190534
2855398	Galanthus elwesii	DD	TRUE	TRUE	TRUE	Plantae	6	Tracheophyta	7707728	Liliopsida	196	Asparagales	1169	Amaryllidaceae	7682	Galanthus	2855324
2882835	Vaccinium vitis-idaea	LC	FALSE	TRUE	FALSE	Plantae	6	Tracheophyta	7707728	Magnoliopsida	220	Ericales	1353	Ericaceae	2505	Vaccinium	2882813
2685484	Abies alba	LC	TRUE	TRUE	FALSE	Plantae	6	Tracheophyta	7707728	Pinopsida	194	Pinales	640	Pinaceae	3925	Abies	2684876
8232782	Alleniella complanata	NE	FALSE	TRUE	FALSE	Plantae	6	Bryophyta	35	Bryopsida	327	Hypnales	617	Neckeraceae	4665	Alleniella	7472500
5324951	Himantoglossum hircinum	NE	FALSE	TRUE	FALSE	Plantae	6	Tracheophyta	7707728	Liliopsida	196	Asparagales	1169	Orchidaceae	7689	Himantoglossum	5324925
2701599	Juncus compressus	LC	FALSE	FALSE	FALSE	Plantae	6	Tracheophyta	7707728	Liliopsida	196	Poales	1369	Juncaceae	5353	Juncus	2701072
5362008	Sedum album	NE	TRUE	FALSE	FALSE	Plantae	6	Tracheophyta	7707728	Magnoliopsida	220	Saxifragales	7219248	Crassulaceae	2406	Sedum	5361975
2867589	Lemna minor	LC	TRUE	FALSE	FALSE	Plantae	6	Tracheophyta	7707728	Liliopsida	196	Alismatales	551	Araceae	6979	Lemna	2867567
5339050	Sherardia arvensis	NE	TRUE	FALSE	FALSE	Plantae	6	Tracheophyta	7707728	Magnoliopsida	220	Gentianales	412	Rubiaceae	8798	Sherardia	2908790
5384604	Stellaria media	NE	TRUE	TRUE	TRUE	Plantae	6	Tracheophyta	7707728	Magnoliopsida	220	Caryophyllales	422	Caryophyllaceae	2518	Stellaria	3085667
3066367	Euphorbia helioscopia	NE	TRUE	FALSE	FALSE	Plantae	6	Tracheophyta	7707728	Magnoliopsida	220	Malpighiales	1414	Euphorbiaceae	4691	Euphorbia	11397237
5270848	Chara virgata	NE	TRUE	FALSE	FALSE	Plantae	6	Charophyta	7819616	Charophyceae	328	Charales	626	Characeae	8782	Chara	2637982
3052436	Arabidopsis thaliana	NE	TRUE	FALSE	TRUE	Plantae	6	Tracheophyta	7707728	Magnoliopsida	220	Brassicales	7225535	Brassicaceae	3112	Arabidopsis	3052435
5372952	Salix caprea	LC	TRUE	FALSE	FALSE	Plantae	6	Tracheophyta	7707728	Magnoliopsida	220	Malpighiales	1414	Salicaceae	6664	Salix	3039576
2875818	Carpinus betulus	LC	TRUE	FALSE	FALSE	Plantae	6	Tracheophyta	7707728	Magnoliopsida	220	Fagales	1354	Betulaceae	4688	Carpinus	2875770
5275012	Pteridium aquilinum	NE	TRUE	FALSE	FALSE	Plantae	6	Tracheophyta	7707728	Polypodiopsida	7228684	Polypodiales	392	Dennstaedtiaceae	6623	Pteridium	5275011
2888342	Hypopitys monotropa	NE	FALSE	TRUE	FALSE	Plantae	6	Tracheophyta	7707728	Magnoliopsida	220	Ericales	1353	Ericaceae	2505	Hypopitys	6399062
5376075	Alliaria petiolata	NE	TRUE	TRUE	FALSE	Plantae	6	Tracheophyta	7707728	Magnoliopsida	220	Brassicales	7225535	Brassicaceae	3112	Alliaria	3050645
5371685	Caltha palustris	LC	FALSE	TRUE	FALSE	Plantae	6	Tracheophyta	7707728	Magnoliopsida	220	Ranunculales	399	Ranunculaceae	2410	Caltha	3033282
8080743	Scilla siberica	NE	TRUE	FALSE	TRUE	Plantae	6	Tracheophyta	7707728	Liliopsida	196	Asparagales	1169	Asparagaceae	7683	Scilla	9555189
5290194	Corynephorus canescens	NE	TRUE	FALSE	FALSE	Plantae	6	Tracheophyta	7707728	Liliopsida	196	Poales	1369	Poaceae	3073	Corynephorus	2706183
5286381	Aneura pinguis	NE	TRUE	FALSE	FALSE	Plantae	6	Marchantiophyta	9	Jungermanniopsida	126	Metzgeriales	380	Aneuraceae	6125	Aneura	2689523
NA	NA	NE	TRUE	TRUE	FALSE	Plantae	6	Tracheophyta	7707728	Polypodiopsida	7228684	Polypodiales	392	Polypodiaceae	2368	Polypodium	2650111
5369652	Geum urbanum	NE	TRUE	TRUE	FALSE	Plantae	6	Tracheophyta	7707728	Magnoliopsida	220	Rosales	691	Rosaceae	5015	Geum	3024294
4006551	Hottonia palustris	LC	TRUE	FALSE	FALSE	Plantae	6	Tracheophyta	7707728	Magnoliopsida	220	Ericales	1353	Primulaceae	6674	Hottonia	3169298
3033077	Aucuba japonica	NE	TRUE	FALSE	TRUE	Plantae	6	Tracheophyta	7707728	Magnoliopsida	220	Garryales	628	Garryaceae	8805	Aucuba	9578104
5421111	Littorella uniflora	LC	TRUE	FALSE	FALSE	Plantae	6	Tracheophyta	7707728	Magnoliopsida	220	Lamiales	408	Plantaginaceae	2420	Littorella	3189795
3034742	Daucus carota	LC	TRUE	FALSE	FALSE	Plantae	6	Tracheophyta	7707728	Magnoliopsida	220	Apiales	1351	Apiaceae	6720	Daucus	3034740
2674871	Paraleucobryum longifolium	NE	FALSE	TRUE	FALSE	Plantae	6	Bryophyta	35	Bryopsida	327	Dicranales	1335	Dicranaceae	4635	Paraleucobryum	2674869
2679707	Rhytidiadelphus squarrosus	NE	TRUE	FALSE	FALSE	Plantae	6	Bryophyta	35	Bryopsida	327	Hypnales	617	Hylocomiaceae	4652	Rhytidiadelphus	2679706
3082263	Cornus mas	LC	FALSE	TRUE	TRUE	Plantae	6	Tracheophyta	7707728	Magnoliopsida	220	Cornales	949	Cornaceae	6713	Cornus	3082226
2670176	Blindia acuta	NE	FALSE	TRUE	FALSE	Plantae	6	Bryophyta	35	Bryopsida	327	Grimmiales	1337	Seligeriaceae	4672	Blindia	2670156
3098616	Tripolium pannonicum	NE	FALSE	FALSE	FALSE	Plantae	6	Tracheophyta	7707728	Magnoliopsida	220	Asterales	414	Asteraceae	3065	Tripolium	3098611
3913526	Pilularia globulifera	LC	TRUE	FALSE	FALSE	Plantae	6	Tracheophyta	7707728	Polypodiopsida	7228684	Salviniales	7229405	Marsileaceae	2375	Pilularia	2650101
5366922	Potentilla sterilis	NE	TRUE	TRUE	FALSE	Plantae	6	Tracheophyta	7707728	Magnoliopsida	220	Rosales	691	Rosaceae	5015	Potentilla	8079058
6431455	Calamagrostis epigejos	NE	TRUE	FALSE	FALSE	Plantae	6	Tracheophyta	7707728	Liliopsida	196	Poales	1369	Poaceae	3073	Calamagrostis	2704858
3170819	Kickxia elatine	NE	TRUE	FALSE	FALSE	Plantae	6	Tracheophyta	7707728	Magnoliopsida	220	Lamiales	408	Plantaginaceae	2420	Kickxia	3170816
3172057	Veronica serpyllifolia	LC	TRUE	FALSE	FALSE	Plantae	6	Tracheophyta	7707728	Magnoliopsida	220	Lamiales	408	Plantaginaceae	2420	Veronica	3172047
3169707	Vinca minor	NE	FALSE	TRUE	FALSE	Plantae	6	Tracheophyta	7707728	Magnoliopsida	220	Gentianales	412	Apocynaceae	6701	Vinca	3169706
3066386	Euphorbia peplus	NE	TRUE	FALSE	FALSE	Plantae	6	Tracheophyta	7707728	Magnoliopsida	220	Malpighiales	1414	Euphorbiaceae	4691	Euphorbia	11397237
3172300	Ligustrum vulgare	NE	FALSE	TRUE	FALSE	Plantae	6	Tracheophyta	7707728	Magnoliopsida	220	Lamiales	408	Oleaceae	6652	Ligustrum	3172289
3039285	Hippophae rhamnoides	LC	TRUE	FALSE	FALSE	Plantae	6	Tracheophyta	7707728	Magnoliopsida	220	Rosales	691	Elaeagnaceae	2408	Hippophae	3039284
3189525	Hypericum androsaemum	NE	FALSE	TRUE	FALSE	Plantae	6	Tracheophyta	7707728	Magnoliopsida	220	Malpighiales	1414	Hypericaceae	4900406	Hypericum	3189452
4921778	Calliergonella cuspidata	NE	TRUE	FALSE	FALSE	Plantae	6	Bryophyta	35	Bryopsida	327	Hypnales	617	Pylaisiaceae	10011601	Calliergonella	5937457
8250334	Metzgeria furcata	NE	TRUE	FALSE	FALSE	Plantae	6	Marchantiophyta	9	Jungermanniopsida	126	Metzgeriales	380	Metzgeriaceae	2274	Metzgeria	2689517
12242463	Cryphaea heteromalla	NE	TRUE	FALSE	FALSE	Plantae	6	Bryophyta	35	Bryopsida	327	Hypnales	617	Cryphaeaceae	8764	Cryphaea	2678296
5334240	Lonicera japonica	NE	TRUE	TRUE	FALSE	Plantae	6	Tracheophyta	7707728	Magnoliopsida	220	Dipsacales	946	Caprifoliaceae	6710	Lonicera	2888645
2688570	Marchantia polymorpha	NE	TRUE	FALSE	FALSE	Plantae	6	Marchantiophyta	9	Marchantiopsida	125	Marchantiales	376	Marchantiaceae	6110	Marchantia	2688569
5646074	Elatine hexandra	NE	TRUE	FALSE	FALSE	Plantae	6	Tracheophyta	7707728	Magnoliopsida	220	Malpighiales	1414	Elatinaceae	6644	Elatine	3189645
5280516	Barbula unguiculata	NE	TRUE	FALSE	FALSE	Plantae	6	Bryophyta	35	Bryopsida	327	Pottiales	621	Pottiaceae	4671	Barbula	2670791
7846682	Syntrichia montana	NE	TRUE	FALSE	FALSE	Plantae	6	Bryophyta	35	Bryopsida	327	Pottiales	621	Pottiaceae	4671	Syntrichia	2671247
3118274	Tanacetum vulgare	NE	TRUE	FALSE	FALSE	Plantae	6	Tracheophyta	7707728	Magnoliopsida	220	Asterales	414	Asteraceae	3065	Tanacetum	3118160
2701841	Juncus inflexus	LC	TRUE	FALSE	FALSE	Plantae	6	Tracheophyta	7707728	Liliopsida	196	Poales	1369	Juncaceae	5353	Juncus	2701072
5301231	Potamogeton obtusifolius	LC	TRUE	FALSE	FALSE	Plantae	6	Tracheophyta	7707728	Liliopsida	196	Alismatales	551	Potamogetonaceae	6721	Potamogeton	2756560
5377060	Lepidium didymum	NE	TRUE	TRUE	TRUE	Plantae	6	Tracheophyta	7707728	Magnoliopsida	220	Brassicales	7225535	Brassicaceae	3112	Lepidium	3051713
8366345	Jasione montana	NE	TRUE	FALSE	FALSE	Plantae	6	Tracheophyta	7707728	Magnoliopsida	220	Asterales	414	Campanulaceae	8801	Jasione	3165617
2677117	Rosulabryum capillare	NE	TRUE	FALSE	FALSE	Plantae	6	Bryophyta	35	Bryopsida	327	Bryales	1333	Bryaceae	8736	Rosulabryum	2677114
2687943	Equisetum telmateia	LC	TRUE	FALSE	FALSE	Plantae	6	Tracheophyta	7707728	Polypodiopsida	7228684	Equisetales	954	Equisetaceae	3105	Equisetum	2687913
10786206	Rhaphiolepis bibas	NE	TRUE	TRUE	FALSE	Plantae	6	Tracheophyta	7707728	Magnoliopsida	220	Rosales	691	Rosaceae	5015	Rhaphiolepis	3032335
3033363	Ranunculus acris	NE	TRUE	FALSE	FALSE	Plantae	6	Tracheophyta	7707728	Magnoliopsida	220	Ranunculales	399	Ranunculaceae	2410	Ranunculus	3033294
2888740	Centranthus ruber	NE	TRUE	TRUE	TRUE	Plantae	6	Tracheophyta	7707728	Magnoliopsida	220	Dipsacales	946	Caprifoliaceae	6710	Centranthus	8069836
3003979	Rosa rugosa	NE	TRUE	TRUE	FALSE	Plantae	6	Tracheophyta	7707728	Magnoliopsida	220	Rosales	691	Rosaceae	5015	Rosa	8395064
9485490	Erodium cicutarium	NE	TRUE	FALSE	FALSE	Plantae	6	Tracheophyta	7707728	Magnoliopsida	220	Geraniales	624	Geraniaceae	4676	Erodium	2891616
3172048	Veronica arvensis	NE	TRUE	FALSE	FALSE	Plantae	6	Tracheophyta	7707728	Magnoliopsida	220	Lamiales	408	Plantaginaceae	2420	Veronica	3172047
5394163	Taraxacum officinale	NE	TRUE	FALSE	FALSE	Plantae	6	Tracheophyta	7707728	Magnoliopsida	220	Asterales	414	Asteraceae	3065	Taraxacum	7787708
2688189	Selaginella kraussiana	NE	FALSE	TRUE	FALSE	Plantae	6	Tracheophyta	7707728	Lycopodiopsida	245	Selaginellales	420	Selaginellaceae	6724	Selaginella	2688177
5275103	Dryopteris dilatata	NE	TRUE	FALSE	FALSE	Plantae	6	Tracheophyta	7707728	Polypodiopsida	7228684	Polypodiales	392	Dryopteridaceae	2373	Dryopteris	2651126
2671373	Tortella inclinata	NE	FALSE	TRUE	FALSE	Plantae	6	Bryophyta	35	Bryopsida	327	Pottiales	621	Pottiaceae	4671	Tortella	8704249
2974786	Vicia sepium	LC	TRUE	FALSE	FALSE	Plantae	6	Tracheophyta	7707728	Magnoliopsida	220	Fabales	1370	Fabaceae	5386	Vicia	2974751
6096602	Lophocolea semiteres	NE	TRUE	FALSE	TRUE	Plantae	6	Marchantiophyta	9	Jungermanniopsida	126	Jungermanniales	381	Lophocoleaceae	6134	Lophocolea	4276909
5286298	Riccia glauca	NE	TRUE	FALSE	FALSE	Plantae	6	Marchantiophyta	9	Marchantiopsida	125	Marchantiales	376	Ricciaceae	2259	Riccia	2688639
3114649	Carduus crispus	NE	TRUE	FALSE	FALSE	Plantae	6	Tracheophyta	7707728	Magnoliopsida	220	Asterales	414	Asteraceae	3065	Carduus	3114511
2867614	Lemna minuta	LC	TRUE	FALSE	FALSE	Plantae	6	Tracheophyta	7707728	Liliopsida	196	Alismatales	551	Araceae	6979	Lemna	2867567
3050595	Hirschfeldia incana	NE	TRUE	FALSE	FALSE	Plantae	6	Tracheophyta	7707728	Magnoliopsida	220	Brassicales	7225535	Brassicaceae	3112	Hirschfeldia	10724106
2747750	Crocus luteus	NE	FALSE	TRUE	FALSE	Plantae	6	Tracheophyta	7707728	Liliopsida	196	Asparagales	1169	Iridaceae	7698	Crocus	2747303
2875968	Corylus colurna	LC	TRUE	FALSE	FALSE	Plantae	6	Tracheophyta	7707728	Magnoliopsida	220	Fagales	1354	Betulaceae	4688	Corylus	2875967
2706026	Miscanthus sinensis	NE	TRUE	FALSE	FALSE	Plantae	6	Tracheophyta	7707728	Liliopsida	196	Poales	1369	Poaceae	3073	Miscanthus	2706020
2888859	Muehlenbeckia complexa	NE	TRUE	FALSE	FALSE	Plantae	6	Tracheophyta	7707728	Magnoliopsida	220	Caryophyllales	422	Polygonaceae	2416	Muehlenbeckia	2888858
4933624	Inula racemosa	NE	TRUE	FALSE	FALSE	Plantae	6	Tracheophyta	7707728	Magnoliopsida	220	Asterales	414	Asteraceae	3065	Inula	3148323
2988188	Pyracantha coccinea	NE	TRUE	TRUE	TRUE	Plantae	6	Tracheophyta	7707728	Magnoliopsida	220	Rosales	691	Rosaceae	5015	Pyracantha	10822990
2855439	Galanthus woronowii	NE	TRUE	FALSE	FALSE	Plantae	6	Tracheophyta	7707728	Liliopsida	196	Asparagales	1169	Amaryllidaceae	7682	Galanthus	2855324
7828157	Petroselinum crispum	NE	TRUE	FALSE	FALSE	Plantae	6	Tracheophyta	7707728	Magnoliopsida	220	Apiales	1351	Apiaceae	6720	Petroselinum	3034906
3033191	Aquilegia vulgaris	NE	TRUE	FALSE	FALSE	Plantae	6	Tracheophyta	7707728	Magnoliopsida	220	Ranunculales	399	Ranunculaceae	2410	Aquilegia	3033167
7127354	Cyclamen coum	NE	TRUE	TRUE	TRUE	Plantae	6	Tracheophyta	7707728	Magnoliopsida	220	Ericales	1353	Primulaceae	6674	Cyclamen	3169314
2889373	Fagopyrum esculentum	NE	TRUE	FALSE	FALSE	Plantae	6	Tracheophyta	7707728	Magnoliopsida	220	Caryophyllales	422	Polygonaceae	2416	Fagopyrum	2889372
2684171	Thuja plicata	LC	TRUE	TRUE	FALSE	Plantae	6	Tracheophyta	7707728	Pinopsida	194	Pinales	640	Cupressaceae	8144	Thuja	2684168
3054357	Juglans nigra	LC	TRUE	FALSE	FALSE	Plantae	6	Tracheophyta	7707728	Magnoliopsida	220	Fagales	1354	Juglandaceae	2499	Juglans	3054350
3170823	Paulownia tomentosa	NE	TRUE	FALSE	FALSE	Plantae	6	Tracheophyta	7707728	Magnoliopsida	220	Lamiales	408	Paulowniaceae	4896863	Paulownia	3170822
3021850	Prunus serotina	LC	TRUE	TRUE	FALSE	Plantae	6	Tracheophyta	7707728	Magnoliopsida	220	Rosales	691	Rosaceae	5015	Prunus	3020559
2927078	Ajuga reptans	NE	TRUE	FALSE	FALSE	Plantae	6	Tracheophyta	7707728	Magnoliopsida	220	Lamiales	408	Lamiaceae	2497	Ajuga	2927077
3084719	Portulaca oleracea	LC	TRUE	FALSE	FALSE	Plantae	6	Tracheophyta	7707728	Magnoliopsida	220	Caryophyllales	422	Portulacaceae	6717	Portulaca	3084696
3082244	Cornus sericea	LC	TRUE	TRUE	TRUE	Plantae	6	Tracheophyta	7707728	Magnoliopsida	220	Cornales	949	Cornaceae	6713	Cornus	3082226
7334368	Umbilicus rupestris	NE	TRUE	FALSE	FALSE	Plantae	6	Tracheophyta	7707728	Magnoliopsida	220	Saxifragales	7219248	Crassulaceae	2406	Umbilicus	3230691
5598915	Lonicera pileata	NE	TRUE	TRUE	TRUE	Plantae	6	Tracheophyta	7707728	Magnoliopsida	220	Dipsacales	946	Caprifoliaceae	6710	Lonicera	2888645
2855356	Galanthus nivalis	NT	TRUE	FALSE	FALSE	Plantae	6	Tracheophyta	7707728	Liliopsida	196	Asparagales	1169	Amaryllidaceae	7682	Galanthus	2855324
3085421	Dianthus barbatus	NE	TRUE	FALSE	FALSE	Plantae	6	Tracheophyta	7707728	Magnoliopsida	220	Caryophyllales	422	Caryophyllaceae	2518	Dianthus	3085411
5332305	Ostrya carpinifolia	LC	TRUE	FALSE	FALSE	Plantae	6	Tracheophyta	7707728	Magnoliopsida	220	Fagales	1354	Betulaceae	4688	Ostrya	8091875
3000610	Chaenomeles japonica	LC	TRUE	FALSE	FALSE	Plantae	6	Tracheophyta	7707728	Magnoliopsida	220	Rosales	691	Rosaceae	5015	Chaenomeles	3000607
8365087	Heuchera micrantha	NE	TRUE	FALSE	FALSE	Plantae	6	Tracheophyta	7707728	Magnoliopsida	220	Saxifragales	7219248	Saxifragaceae	2402	Heuchera	3032645
2926684	Lamium maculatum	NE	TRUE	FALSE	FALSE	Plantae	6	Tracheophyta	7707728	Magnoliopsida	220	Lamiales	408	Lamiaceae	2497	Lamium	2926678
9202318	Symphyotrichum lanceolatum	LC	TRUE	FALSE	FALSE	Plantae	6	Tracheophyta	7707728	Magnoliopsida	220	Asterales	414	Asteraceae	3065	Symphyotrichum	3151391
NA	NA	NE	TRUE	FALSE	FALSE	Plantae	6	Tracheophyta	7707728	Magnoliopsida	220	Asterales	414	Asteraceae	3065	Eurybia	3120531
2975667	Galega officinalis	NE	TRUE	TRUE	TRUE	Plantae	6	Tracheophyta	7707728	Magnoliopsida	220	Fabales	1370	Fabaceae	5386	Galega	2975657
5284231	Metasequoia glyptostroboides	EN	TRUE	FALSE	FALSE	Plantae	6	Tracheophyta	7707728	Pinopsida	194	Pinales	640	Cupressaceae	8144	Metasequoia	8307747
3100968	Pseudognaphalium undulatum	NE	TRUE	FALSE	FALSE	Plantae	6	Tracheophyta	7707728	Magnoliopsida	220	Asterales	414	Asteraceae	3065	Pseudognaphalium	3100917
7315286	Fumaria muralis	NE	FALSE	FALSE	TRUE	Plantae	6	Tracheophyta	7707728	Magnoliopsida	220	Ranunculales	399	Papaveraceae	2422	Fumaria	2888567
2765156	Tradescantia fluminensis	NE	TRUE	FALSE	FALSE	Plantae	6	Tracheophyta	7707728	Liliopsida	196	Commelinales	553	Commelinaceae	2763195	Tradescantia	2765096
9018536	Koenigia campanulata	NE	TRUE	FALSE	FALSE	Plantae	6	Tracheophyta	7707728	Magnoliopsida	220	Caryophyllales	422	Polygonaceae	2416	Koenigia	2889050
7298987	Centranthus calcitrapae	NE	TRUE	FALSE	FALSE	Plantae	6	Tracheophyta	7707728	Magnoliopsida	220	Dipsacales	946	Caprifoliaceae	6710	Centranthus	8069836
5284982	Pinus strobus	LC	TRUE	FALSE	FALSE	Plantae	6	Tracheophyta	7707728	Pinopsida	194	Pinales	640	Pinaceae	3925	Pinus	2684241
5372513	Salix alba	NE	TRUE	FALSE	FALSE	Plantae	6	Tracheophyta	7707728	Magnoliopsida	220	Malpighiales	1414	Salicaceae	6664	Salix	3039576
NA	NA	NE	TRUE	FALSE	FALSE	Plantae	6	Tracheophyta	7707728	Liliopsida	196	Asparagales	1169	Amaryllidaceae	7682	Galanthus	2855324
7403263	Lactuca sativa	NE	TRUE	FALSE	FALSE	Plantae	6	Tracheophyta	7707728	Magnoliopsida	220	Asterales	414	Asteraceae	3065	Lactuca	3140231
3033242	Anemone blanda	NE	TRUE	FALSE	TRUE	Plantae	6	Tracheophyta	7707728	Magnoliopsida	220	Ranunculales	399	Ranunculaceae	2410	Anemone	3016227
3042845	Brassica oleracea	DD	TRUE	FALSE	TRUE	Plantae	6	Tracheophyta	7707728	Magnoliopsida	220	Brassicales	7225535	Brassicaceae	3112	Brassica	3042506
2855338	Galanthus plicatus	LC	TRUE	FALSE	FALSE	Plantae	6	Tracheophyta	7707728	Liliopsida	196	Asparagales	1169	Amaryllidaceae	7682	Galanthus	2855324
2888636	Symphoricarpos orbiculatus	NE	TRUE	FALSE	FALSE	Plantae	6	Tracheophyta	7707728	Magnoliopsida	220	Dipsacales	946	Caprifoliaceae	6710	Symphoricarpos	7892576
7332415	Chaenorhinum origanifolium	NE	TRUE	FALSE	FALSE	Plantae	6	Tracheophyta	7707728	Magnoliopsida	220	Lamiales	408	Plantaginaceae	2420	Chaenorhinum	3171668
5284809	Pinus nigra	LC	TRUE	FALSE	FALSE	Plantae	6	Tracheophyta	7707728	Pinopsida	194	Pinales	640	Pinaceae	3925	Pinus	2684241
3034015	Laurus nobilis	LC	TRUE	FALSE	TRUE	Plantae	6	Tracheophyta	7707728	Magnoliopsida	220	Laurales	407	Lauraceae	6688	Laurus	2988444
7158449	Polystichum polyblepharon	NE	FALSE	FALSE	TRUE	Plantae	6	Tracheophyta	7707728	Polypodiopsida	7228684	Polypodiales	392	Dryopteridaceae	2373	Polystichum	2651085
3729273	Asarina procumbens	NE	TRUE	FALSE	FALSE	Plantae	6	Tracheophyta	7707728	Magnoliopsida	220	Lamiales	408	Plantaginaceae	2420	Asarina	3171739
2891707	Oxalis debilis	NE	TRUE	FALSE	FALSE	Plantae	6	Tracheophyta	7707728	Magnoliopsida	220	Oxalidales	7224021	Oxalidaceae	6697	Oxalis	2891642
3088310	Petasites japonicus	NE	TRUE	FALSE	FALSE	Plantae	6	Tracheophyta	7707728	Magnoliopsida	220	Asterales	414	Asteraceae	3065	Petasites	10717129
3101193	Dittrichia graveolens	NE	TRUE	FALSE	FALSE	Plantae	6	Tracheophyta	7707728	Magnoliopsida	220	Asterales	414	Asteraceae	3065	Dittrichia	3101183
9188840	Epilobium ciliatum	LC	TRUE	FALSE	FALSE	Plantae	6	Tracheophyta	7707728	Magnoliopsida	220	Myrtales	690	Onagraceae	2430	Epilobium	3189067
5530881	Corydalis cava	NE	TRUE	FALSE	FALSE	Plantae	6	Tracheophyta	7707728	Magnoliopsida	220	Ranunculales	399	Papaveraceae	2422	Corydalis	7576308
3026162	Cotoneaster franchetii	NE	TRUE	FALSE	FALSE	Plantae	6	Tracheophyta	7707728	Magnoliopsida	220	Rosales	691	Rosaceae	5015	Cotoneaster	3025563
5362573	Pyrus communis	LC	TRUE	FALSE	FALSE	Plantae	6	Tracheophyta	7707728	Magnoliopsida	220	Rosales	691	Rosaceae	5015	Pyrus	2986532
3032698	Tellima grandiflora	NE	TRUE	FALSE	FALSE	Plantae	6	Tracheophyta	7707728	Magnoliopsida	220	Saxifragales	7219248	Saxifragaceae	2402	Tellima	3032697
2858244	Narcissus pseudonarcissus	NE	TRUE	FALSE	FALSE	Plantae	6	Tracheophyta	7707728	Liliopsida	196	Asparagales	1169	Amaryllidaceae	7682	Narcissus	2858200
10902460	Salvia rosmarinus	NE	TRUE	FALSE	FALSE	Plantae	6	Tracheophyta	7707728	Magnoliopsida	220	Lamiales	408	Lamiaceae	2497	Salvia	2926981
2685552	Abies nordmanniana	LC	TRUE	FALSE	FALSE	Plantae	6	Tracheophyta	7707728	Pinopsida	194	Pinales	640	Pinaceae	3925	Abies	2684876
2685361	Abies grandis	LC	TRUE	FALSE	FALSE	Plantae	6	Tracheophyta	7707728	Pinopsida	194	Pinales	640	Pinaceae	3925	Abies	2684876
3190653	Ailanthus altissima	NE	TRUE	FALSE	FALSE	Plantae	6	Tracheophyta	7707728	Magnoliopsida	220	Sapindales	933	Simaroubaceae	2395	Ailanthus	3190652
2855860	Allium schoenoprasum	LC	TRUE	FALSE	FALSE	Plantae	6	Tracheophyta	7707728	Liliopsida	196	Asparagales	1169	Amaryllidaceae	7682	Allium	9624496
2873861	Linum usitatissimum	NE	TRUE	FALSE	FALSE	Plantae	6	Tracheophyta	7707728	Magnoliopsida	220	Malpighiales	1414	Linaceae	2493	Linum	2873855
5299536	Tulipa sylvestris	NE	TRUE	FALSE	FALSE	Plantae	6	Tracheophyta	7707728	Liliopsida	196	Liliales	1172	Liliaceae	7699	Tulipa	2750913
2876607	Alnus cordata	LC	TRUE	FALSE	FALSE	Plantae	6	Tracheophyta	7707728	Magnoliopsida	220	Fagales	1354	Betulaceae	4688	Alnus	2876099
8183217	Salix gmelinii	DD	TRUE	FALSE	FALSE	Plantae	6	Tracheophyta	7707728	Magnoliopsida	220	Malpighiales	1414	Salicaceae	6664	Salix	3039576
3147168	Erigeron karvinskianus	NE	TRUE	TRUE	TRUE	Plantae	6	Tracheophyta	7707728	Magnoliopsida	220	Asterales	414	Asteraceae	3065	Erigeron	3146588
3147018	Erigeron floribundus	NE	TRUE	FALSE	FALSE	Plantae	6	Tracheophyta	7707728	Magnoliopsida	220	Asterales	414	Asteraceae	3065	Erigeron	3146588
5304257	Hyacinthoides hispanica	NE	TRUE	FALSE	FALSE	Plantae	6	Tracheophyta	7707728	Liliopsida	196	Asparagales	1169	Asparagaceae	7683	Hyacinthoides	5304256
5396125	Eurybia divaricata	NE	TRUE	FALSE	FALSE	Plantae	6	Tracheophyta	7707728	Magnoliopsida	220	Asterales	414	Asteraceae	3065	Eurybia	3120531
2931104	Solanum pseudocapsicum	NE	FALSE	FALSE	TRUE	Plantae	6	Tracheophyta	7707728	Magnoliopsida	220	Solanales	1176	Solanaceae	7717	Solanum	2928997
2891770	Impatiens glandulifera	NE	TRUE	FALSE	FALSE	Plantae	6	Tracheophyta	7707728	Magnoliopsida	220	Ericales	1353	Balsaminaceae	6699	Impatiens	2891766
NA	NA	NE	TRUE	FALSE	FALSE	Plantae	6	Tracheophyta	7707728	Liliopsida	196	Asparagales	1169	Asparagaceae	7683	Yucca	2775496
2865565	Lagarosiphon major	LC	TRUE	FALSE	FALSE	Plantae	6	Tracheophyta	7707728	Liliopsida	196	Alismatales	551	Hydrocharitaceae	3721	Lagarosiphon	2865546
NA	NA	NE	TRUE	TRUE	TRUE	Plantae	6	Tracheophyta	7707728	Pinopsida	194	Pinales	640	Pinaceae	3925	Picea	7606064
5289693	Setaria pumila	NE	TRUE	FALSE	FALSE	Plantae	6	Tracheophyta	7707728	Liliopsida	196	Poales	1369	Poaceae	3073	Setaria	2702955
4201607	Phedimus spurius	NE	TRUE	TRUE	TRUE	Plantae	6	Tracheophyta	7707728	Magnoliopsida	220	Saxifragales	7219248	Crassulaceae	2406	Phedimus	4200460
5415039	Syringa vulgaris	LC	TRUE	FALSE	FALSE	Plantae	6	Tracheophyta	7707728	Magnoliopsida	220	Lamiales	408	Oleaceae	6652	Syringa	3172235
5374672	Barbarea verna	DD	TRUE	FALSE	FALSE	Plantae	6	Tracheophyta	7707728	Magnoliopsida	220	Brassicales	7225535	Brassicaceae	3112	Barbarea	8370997
3190642	Schinus molle	LC	TRUE	FALSE	FALSE	Plantae	6	Tracheophyta	7707728	Magnoliopsida	220	Sapindales	933	Anacardiaceae	2398	Schinus	3190641
3103158	Gamochaeta americana	NE	FALSE	FALSE	TRUE	Plantae	6	Tracheophyta	7707728	Magnoliopsida	220	Asterales	414	Asteraceae	3065	Gamochaeta	3139636
3034782	Smyrnium olusatrum	NE	TRUE	FALSE	TRUE	Plantae	6	Tracheophyta	7707728	Magnoliopsida	220	Apiales	1351	Apiaceae	6720	Smyrnium	3034781
2985863	Hylotelephium spectabile	NE	TRUE	FALSE	FALSE	Plantae	6	Tracheophyta	7707728	Magnoliopsida	220	Saxifragales	7219248	Crassulaceae	2406	Hylotelephium	2985862
2747489	Crocus chrysanthus	NE	TRUE	FALSE	TRUE	Plantae	6	Tracheophyta	7707728	Liliopsida	196	Asparagales	1169	Iridaceae	7698	Crocus	2747303
2775530	Yucca flaccida	LC	TRUE	FALSE	FALSE	Plantae	6	Tracheophyta	7707728	Liliopsida	196	Asparagales	1169	Asparagaceae	7683	Yucca	2775496
2979474	Acacia dealbata	LC	TRUE	FALSE	FALSE	Plantae	6	Tracheophyta	7707728	Magnoliopsida	220	Fabales	1370	Fabaceae	5386	Acacia	2978223
NA	NA	NE	TRUE	FALSE	FALSE	Plantae	6	Tracheophyta	7707728	Magnoliopsida	220	Magnoliales	718	Magnoliaceae	4690	Magnolia	2888195
3103791	Matricaria discoidea	NE	TRUE	FALSE	TRUE	Plantae	6	Tracheophyta	7707728	Magnoliopsida	220	Asterales	414	Asteraceae	3065	Matricaria	3103757
2686212	Larix decidua	LC	TRUE	FALSE	FALSE	Plantae	6	Tracheophyta	7707728	Pinopsida	194	Pinales	640	Pinaceae	3925	Larix	2686156
7844167	Colutea arborescens	NE	TRUE	FALSE	FALSE	Plantae	6	Tracheophyta	7707728	Magnoliopsida	220	Fabales	1370	Fabaceae	5386	Colutea	2956426
5341204	Pulmonaria officinalis	LC	TRUE	FALSE	FALSE	Plantae	6	Tracheophyta	7707728	Magnoliopsida	220	Boraginales	7226464	Boraginaceae	2498	Pulmonaria	2925903
2925895	Echium plantagineum	NE	TRUE	TRUE	FALSE	Plantae	6	Tracheophyta	7707728	Magnoliopsida	220	Boraginales	7226464	Boraginaceae	2498	Echium	2925888
NA	NA	NE	TRUE	FALSE	FALSE	Plantae	6	Tracheophyta	7707728	Pinopsida	194	Pinales	640	Taxaceae	4863	Taxus	2684902
6109699	Phoenix dactylifera	NE	TRUE	FALSE	FALSE	Plantae	6	Tracheophyta	7707728	Liliopsida	196	Arecales	552	Arecaceae	7681	Phoenix	2732076
5289684	Setaria viridis	NE	TRUE	FALSE	FALSE	Plantae	6	Tracheophyta	7707728	Liliopsida	196	Poales	1369	Poaceae	3073	Setaria	2702955
2769766	Ruscus aculeatus	NE	TRUE	FALSE	FALSE	Plantae	6	Tracheophyta	7707728	Liliopsida	196	Asparagales	1169	Asparagaceae	7683	Ruscus	2769754
NA	NA	NE	TRUE	FALSE	FALSE	Plantae	6	Tracheophyta	7707728	Liliopsida	196	Poales	1369	Poaceae	3073	Cenchrus	2703201
2891782	Impatiens parviflora	NE	TRUE	FALSE	FALSE	Plantae	6	Tracheophyta	7707728	Magnoliopsida	220	Ericales	1353	Balsaminaceae	6699	Impatiens	2891766
5329212	Elodea nuttallii	LC	TRUE	FALSE	FALSE	Plantae	6	Tracheophyta	7707728	Liliopsida	196	Alismatales	551	Hydrocharitaceae	3721	Elodea	7454696
5360475	Trigonella foenum-graecum	NE	TRUE	FALSE	FALSE	Plantae	6	Tracheophyta	7707728	Magnoliopsida	220	Fabales	1370	Fabaceae	5386	Trigonella	2981525
3146717	Erigeron bonariensis	NE	TRUE	FALSE	FALSE	Plantae	6	Tracheophyta	7707728	Magnoliopsida	220	Asterales	414	Asteraceae	3065	Erigeron	3146588
3924221	Helleborus argutifolius	NE	TRUE	FALSE	TRUE	Plantae	6	Tracheophyta	7707728	Magnoliopsida	220	Ranunculales	399	Ranunculaceae	2410	Helleborus	2741682
3084015	Phytolacca americana	NE	TRUE	FALSE	FALSE	Plantae	6	Tracheophyta	7707728	Magnoliopsida	220	Caryophyllales	422	Phytolaccaceae	2516	Phytolacca	3084013
8365953	Cornus alba	NE	TRUE	FALSE	FALSE	Plantae	6	Tracheophyta	7707728	Magnoliopsida	220	Cornales	949	Cornaceae	6713	Cornus	3082226
3048397	Erysimum bicolor	NE	TRUE	FALSE	FALSE	Plantae	6	Tracheophyta	7707728	Magnoliopsida	220	Brassicales	7225535	Brassicaceae	3112	Erysimum	3048056
2914590	Galium murale	NE	TRUE	FALSE	TRUE	Plantae	6	Tracheophyta	7707728	Magnoliopsida	220	Gentianales	412	Rubiaceae	8798	Galium	2913027
7958783	Pulmonaria mollis	NE	TRUE	FALSE	FALSE	Plantae	6	Tracheophyta	7707728	Magnoliopsida	220	Boraginales	7226464	Boraginaceae	2498	Pulmonaria	2925903
5377778	Aurinia saxatilis	NE	TRUE	FALSE	FALSE	Plantae	6	Tracheophyta	7707728	Magnoliopsida	220	Brassicales	7225535	Brassicaceae	3112	Aurinia	3053997
5354707	Cytisus striatus	LC	TRUE	FALSE	FALSE	Plantae	6	Tracheophyta	7707728	Magnoliopsida	220	Fabales	1370	Fabaceae	5386	Cytisus	8089532
NA	NA	NE	TRUE	FALSE	FALSE	Plantae	6	Tracheophyta	7707728	Magnoliopsida	220	Rosales	691	Rosaceae	5015	Chaenomeles	3000607
3172266	Jasminum nudiflorum	NE	TRUE	FALSE	TRUE	Plantae	6	Tracheophyta	7707728	Magnoliopsida	220	Lamiales	408	Oleaceae	6652	Jasminum	3172260
3085360	Saponaria officinalis	NE	TRUE	FALSE	TRUE	Plantae	6	Tracheophyta	7707728	Magnoliopsida	220	Caryophyllales	422	Caryophyllaceae	2518	Saponaria	3085356
8994150	Oenothera parviflora	NE	TRUE	FALSE	FALSE	Plantae	6	Tracheophyta	7707728	Magnoliopsida	220	Myrtales	690	Onagraceae	2430	Oenothera	3188799
2704523	Cortaderia selloana	NE	TRUE	TRUE	FALSE	Plantae	6	Tracheophyta	7707728	Liliopsida	196	Poales	1369	Poaceae	3073	Cortaderia	2704519
5341201	Anchusa officinalis	NE	TRUE	FALSE	FALSE	Plantae	6	Tracheophyta	7707728	Magnoliopsida	220	Boraginales	7226464	Boraginaceae	2498	Anchusa	5341194
2874199	Passiflora caerulea	NE	TRUE	FALSE	FALSE	Plantae	6	Tracheophyta	7707728	Magnoliopsida	220	Malpighiales	1414	Passifloraceae	2378	Passiflora	2874172
7315072	Papaver atlanticum	NE	TRUE	TRUE	FALSE	Plantae	6	Tracheophyta	7707728	Magnoliopsida	220	Ranunculales	399	Papaveraceae	2422	Papaver	2888431
5567694	Bergenia crassifolia	NE	TRUE	FALSE	FALSE	Plantae	6	Tracheophyta	7707728	Magnoliopsida	220	Saxifragales	7219248	Saxifragaceae	2402	Bergenia	3230650
5290161	Phyllostachys aureosulcata	NE	TRUE	FALSE	FALSE	Plantae	6	Tracheophyta	7707728	Liliopsida	196	Poales	1369	Poaceae	3073	Phyllostachys	2705978
5289919	Polypogon viridis	LC	TRUE	FALSE	FALSE	Plantae	6	Tracheophyta	7707728	Liliopsida	196	Poales	1369	Poaceae	3073	Polypogon	2704396
3189866	Acer negundo	LC	TRUE	FALSE	FALSE	Plantae	6	Tracheophyta	7707728	Magnoliopsida	220	Sapindales	933	Sapindaceae	6657	Acer	3189834
NA	NA	NE	FALSE	FALSE	TRUE	Plantae	6	Tracheophyta	7707728	Liliopsida	196	Poales	1369	Poaceae	3073	Zizania	2703227
5284702	Cedrus atlantica	EN	TRUE	FALSE	FALSE	Plantae	6	Tracheophyta	7707728	Pinopsida	194	Pinales	640	Pinaceae	3925	Cedrus	2685742
3020871	Prunus lusitanica	LC	TRUE	FALSE	FALSE	Plantae	6	Tracheophyta	7707728	Magnoliopsida	220	Rosales	691	Rosaceae	5015	Prunus	3020559
4201709	Sempervivum arachnoideum	NE	TRUE	FALSE	FALSE	Plantae	6	Tracheophyta	7707728	Magnoliopsida	220	Saxifragales	7219248	Crassulaceae	2406	Sempervivum	2985948
2879098	Quercus ilex	LC	TRUE	FALSE	FALSE	Plantae	6	Tracheophyta	7707728	Magnoliopsida	220	Fagales	1354	Fagaceae	4689	Quercus	2877951
3152374	Malva sylvestris	NE	TRUE	FALSE	FALSE	Plantae	6	Tracheophyta	7707728	Magnoliopsida	220	Malvales	941	Malvaceae	6685	Malva	3152364
2928226	Phacelia tanacetifolia	NE	TRUE	TRUE	FALSE	Plantae	6	Tracheophyta	7707728	Magnoliopsida	220	Boraginales	7226464	Hydrophyllaceae	2387	Phacelia	8988077
5370380	Dasiphora fruticosa	NE	FALSE	FALSE	TRUE	Plantae	6	Tracheophyta	7707728	Magnoliopsida	220	Rosales	691	Rosaceae	5015	Dasiphora	3029309
5285565	Pinus pinaster	LC	TRUE	FALSE	FALSE	Plantae	6	Tracheophyta	7707728	Pinopsida	194	Pinales	640	Pinaceae	3925	Pinus	2684241
3169137	Euonymus fortunei	NE	TRUE	FALSE	TRUE	Plantae	6	Tracheophyta	7707728	Magnoliopsida	220	Celastrales	950	Celastraceae	6715	Euonymus	3169115
5410210	Campanula fenestrellata	NE	TRUE	FALSE	FALSE	Plantae	6	Tracheophyta	7707728	Magnoliopsida	220	Asterales	414	Campanulaceae	8801	Campanula	3161935
3131614	Helichrysum italicum	NE	TRUE	FALSE	FALSE	Plantae	6	Tracheophyta	7707728	Magnoliopsida	220	Asterales	414	Asteraceae	3065	Helichrysum	3131108
7740617	Skimmia japonica	NE	TRUE	FALSE	TRUE	Plantae	6	Tracheophyta	7707728	Magnoliopsida	220	Sapindales	933	Rutaceae	2396	Skimmia	7269586
4067302	Symphytum grandiflorum	NE	TRUE	FALSE	TRUE	Plantae	6	Tracheophyta	7707728	Magnoliopsida	220	Boraginales	7226464	Boraginaceae	2498	Symphytum	2926061
3027159	Spiraea douglasii	NE	TRUE	FALSE	FALSE	Plantae	6	Tracheophyta	7707728	Magnoliopsida	220	Rosales	691	Rosaceae	5015	Spiraea	3026392
NA	NA	NE	TRUE	FALSE	FALSE	Plantae	6	Tracheophyta	7707728	Pinopsida	194	Pinales	640	Pinaceae	3925	Abies	2684876
3039046	Fatsia japonica	NE	TRUE	FALSE	FALSE	Plantae	6	Tracheophyta	7707728	Magnoliopsida	220	Apiales	1351	Araliaceae	8800	Fatsia	3039039
3981543	Berberis julianae	NE	TRUE	FALSE	TRUE	Plantae	6	Tracheophyta	7707728	Magnoliopsida	220	Ranunculales	399	Berberidaceae	6673	Berberis	3033893
5561475	Chaenostoma cordatum	NE	FALSE	FALSE	TRUE	Plantae	6	Tracheophyta	7707728	Magnoliopsida	220	Lamiales	408	Scrophulariaceae	2390	Chaenostoma	8422747
3169708	Vinca major	NE	TRUE	TRUE	FALSE	Plantae	6	Tracheophyta	7707728	Magnoliopsida	220	Gentianales	412	Apocynaceae	6701	Vinca	3169706
3120790	Artemisia verlotiorum	NE	TRUE	FALSE	FALSE	Plantae	6	Tracheophyta	7707728	Magnoliopsida	220	Asterales	414	Asteraceae	3065	Artemisia	3120641
5341442	Thymus vulgaris	LC	TRUE	FALSE	TRUE	Plantae	6	Tracheophyta	7707728	Magnoliopsida	220	Lamiales	408	Lamiaceae	2497	Thymus	2926960
3172104	Veronica peregrina	LC	TRUE	FALSE	FALSE	Plantae	6	Tracheophyta	7707728	Magnoliopsida	220	Lamiales	408	Plantaginaceae	2420	Veronica	3172047
2868827	Zantedeschia aethiopica	LC	TRUE	FALSE	FALSE	Plantae	6	Tracheophyta	7707728	Liliopsida	196	Alismatales	551	Araceae	6979	Zantedeschia	2868790
2890122	Geranium pyrenaicum	NE	TRUE	TRUE	TRUE	Plantae	6	Tracheophyta	7707728	Magnoliopsida	220	Geraniales	624	Geraniaceae	4676	Geranium	2889949
3085623	Petrorhagia saxifraga	NE	TRUE	FALSE	FALSE	Plantae	6	Tracheophyta	7707728	Magnoliopsida	220	Caryophyllales	422	Caryophyllaceae	2518	Petrorhagia	8524424
3028528	Alchemilla mollis	NE	TRUE	FALSE	FALSE	Plantae	6	Tracheophyta	7707728	Magnoliopsida	220	Rosales	691	Rosaceae	5015	Alchemilla	3027437
7736011	Claytonia perfoliata	NE	TRUE	FALSE	TRUE	Plantae	6	Tracheophyta	7707728	Magnoliopsida	220	Caryophyllales	422	Montiaceae	4898338	Claytonia	3084729
3118430	Tanacetum parthenium	NE	TRUE	TRUE	TRUE	Plantae	6	Tracheophyta	7707728	Magnoliopsida	220	Asterales	414	Asteraceae	3065	Tanacetum	3118160
5371702	Nigella damascena	NE	TRUE	FALSE	FALSE	Plantae	6	Tracheophyta	7707728	Magnoliopsida	220	Ranunculales	399	Ranunculaceae	2410	Nigella	3033657
2767229	Scilla sardensis	NE	TRUE	FALSE	FALSE	Plantae	6	Tracheophyta	7707728	Liliopsida	196	Asparagales	1169	Asparagaceae	7683	Scilla	9555189
5373160	Malcolmia flexuosa	NE	TRUE	FALSE	FALSE	Plantae	6	Tracheophyta	7707728	Magnoliopsida	220	Brassicales	7225535	Brassicaceae	3112	Malcolmia	3040284
5609719	Scutellaria columnae	NE	TRUE	FALSE	FALSE	Plantae	6	Tracheophyta	7707728	Magnoliopsida	220	Lamiales	408	Lamiaceae	2497	Scutellaria	2926730
3097504	Leptinella squalida	NE	TRUE	FALSE	FALSE	Plantae	6	Tracheophyta	7707728	Magnoliopsida	220	Asterales	414	Asteraceae	3065	Leptinella	3097472
8168344	Hedera hibernica	NE	TRUE	FALSE	FALSE	Plantae	6	Tracheophyta	7707728	Magnoliopsida	220	Apiales	1351	Araliaceae	8800	Hedera	3036021
7443846	Dipsacus strigosus	NE	FALSE	TRUE	FALSE	Plantae	6	Tracheophyta	7707728	Magnoliopsida	220	Dipsacales	946	Caprifoliaceae	6710	Dipsacus	2888813
NA	NA	NE	TRUE	FALSE	FALSE	Plantae	6	Tracheophyta	7707728	Magnoliopsida	220	Asterales	414	Asteraceae	3065	Coreopsis	3133864
8373355	Artemisia annua	NE	TRUE	FALSE	FALSE	Plantae	6	Tracheophyta	7707728	Magnoliopsida	220	Asterales	414	Asteraceae	3065	Artemisia	3120641
2705401	Eragrostis multicaulis	NE	TRUE	FALSE	FALSE	Plantae	6	Tracheophyta	7707728	Liliopsida	196	Poales	1369	Poaceae	3073	Eragrostis	2705322
5374118	Isatis tinctoria	NE	TRUE	FALSE	FALSE	Plantae	6	Tracheophyta	7707728	Magnoliopsida	220	Brassicales	7225535	Brassicaceae	3112	Isatis	3043620
5362054	Crassula helmsii	NE	TRUE	FALSE	FALSE	Plantae	6	Tracheophyta	7707728	Magnoliopsida	220	Saxifragales	7219248	Crassulaceae	2406	Crassula	2985823
2888435	Papaver bracteatum	NE	TRUE	FALSE	FALSE	Plantae	6	Tracheophyta	7707728	Magnoliopsida	220	Ranunculales	399	Papaveraceae	2422	Papaver	2888431
3012089	Sorbaria sorbifolia	NE	TRUE	FALSE	FALSE	Plantae	6	Tracheophyta	7707728	Magnoliopsida	220	Rosales	691	Rosaceae	5015	Sorbaria	8241021
2971095	Melilotus albus	NE	TRUE	TRUE	FALSE	Plantae	6	Tracheophyta	7707728	Magnoliopsida	220	Fabales	1370	Fabaceae	5386	Melilotus	4924408
NA	NA	NE	TRUE	FALSE	FALSE	Plantae	6	Tracheophyta	7707728	Magnoliopsida	220	Saxifragales	7219248	Hamamelidaceae	2500	Hamamelis	3152826
5330496	Arum concinnatum	NE	TRUE	FALSE	FALSE	Plantae	6	Tracheophyta	7707728	Liliopsida	196	Alismatales	551	Araceae	6979	Arum	2869757
2889358	Oxyria digyna	NE	TRUE	FALSE	FALSE	Plantae	6	Tracheophyta	7707728	Magnoliopsida	220	Caryophyllales	422	Polygonaceae	2416	Oxyria	2889357
3085438	Cerastium tomentosum	NE	TRUE	TRUE	FALSE	Plantae	6	Tracheophyta	7707728	Magnoliopsida	220	Caryophyllales	422	Caryophyllaceae	2518	Cerastium	2873815
2964355	Lupinus polyphyllus	LC	TRUE	FALSE	FALSE	Plantae	6	Tracheophyta	7707728	Magnoliopsida	220	Fabales	1370	Fabaceae	5386	Lupinus	2963774
5660450	Pulmonaria rubra	NE	TRUE	FALSE	FALSE	Plantae	6	Tracheophyta	7707728	Magnoliopsida	220	Boraginales	7226464	Boraginaceae	2498	Pulmonaria	2925903
10919373	Zizania latifolia	NE	TRUE	FALSE	FALSE	Plantae	6	Tracheophyta	7707728	Liliopsida	196	Poales	1369	Poaceae	3073	Zizania	2703227
3172068	Veronica cymbalaria	NE	TRUE	FALSE	FALSE	Plantae	6	Tracheophyta	7707728	Magnoliopsida	220	Lamiales	408	Plantaginaceae	2420	Veronica	3172047
2992543	Rubus laciniatus	NE	FALSE	TRUE	FALSE	Plantae	6	Tracheophyta	7707728	Magnoliopsida	220	Rosales	691	Rosaceae	5015	Rubus	2988638
2767275	Scilla forbesii	NE	TRUE	FALSE	TRUE	Plantae	6	Tracheophyta	7707728	Liliopsida	196	Asparagales	1169	Asparagaceae	7683	Scilla	9555189
3042636	Brassica napus	NE	FALSE	FALSE	TRUE	Plantae	6	Tracheophyta	7707728	Magnoliopsida	220	Brassicales	7225535	Brassicaceae	3112	Brassica	3042506
NA	NA	NE	TRUE	FALSE	FALSE	Plantae	6	Tracheophyta	7707728	Magnoliopsida	220	Caryophyllales	422	Tamaricaceae	6632	Tamarix	2874694
7645931	Salix acutifolia	LC	TRUE	FALSE	FALSE	Plantae	6	Tracheophyta	7707728	Magnoliopsida	220	Malpighiales	1414	Salicaceae	6664	Salix	3039576
8298495	Galinsoga quadriradiata	NE	TRUE	FALSE	TRUE	Plantae	6	Tracheophyta	7707728	Magnoliopsida	220	Asterales	414	Asteraceae	3065	Galinsoga	3132547
2666539	Caulacanthus okamurae	NE	FALSE	FALSE	FALSE	Plantae	6	Rhodophyta	106	Florideophyceae	342	Gigartinales	1400	Caulacanthaceae	4927	Caulacanthus	2666534
7322529	Oenothera rubricaulis	NE	FALSE	FALSE	TRUE	Plantae	6	Tracheophyta	7707728	Magnoliopsida	220	Myrtales	690	Onagraceae	2430	Oenothera	3188799
NA	NA	NE	TRUE	FALSE	FALSE	Plantae	6	Tracheophyta	7707728	Magnoliopsida	220	Asterales	414	Asteraceae	3065	Onopordum	3094883
2775619	Yucca gloriosa	LC	TRUE	TRUE	FALSE	Plantae	6	Tracheophyta	7707728	Liliopsida	196	Asparagales	1169	Asparagaceae	7683	Yucca	2775496
3172100	Veronica filiformis	NE	TRUE	FALSE	FALSE	Plantae	6	Tracheophyta	7707728	Magnoliopsida	220	Lamiales	408	Plantaginaceae	2420	Veronica	3172047
5373324	Lunaria annua	NE	TRUE	TRUE	FALSE	Plantae	6	Tracheophyta	7707728	Magnoliopsida	220	Brassicales	7225535	Brassicaceae	3112	Lunaria	3040750
NA	NA	NE	TRUE	FALSE	FALSE	Plantae	6	Tracheophyta	7707728	Magnoliopsida	220	Rosales	691	Rosaceae	5015	Pyracantha	10822990
2965531	Medicago polymorpha	NE	TRUE	FALSE	FALSE	Plantae	6	Tracheophyta	7707728	Magnoliopsida	220	Fabales	1370	Fabaceae	5386	Medicago	2965200
9182154	Vicia villosa	NE	TRUE	FALSE	FALSE	Plantae	6	Tracheophyta	7707728	Magnoliopsida	220	Fabales	1370	Fabaceae	5386	Vicia	2974751
5298406	Iris reticulata	NE	TRUE	FALSE	TRUE	Plantae	6	Tracheophyta	7707728	Liliopsida	196	Asparagales	1169	Iridaceae	7698	Iris	2748017
3122924	Pilosella aurantiaca	NE	TRUE	FALSE	FALSE	Plantae	6	Tracheophyta	7707728	Magnoliopsida	220	Asterales	414	Asteraceae	3065	Pilosella	8179194
NA	NA	NE	TRUE	FALSE	FALSE	Plantae	6	Tracheophyta	7707728	Magnoliopsida	220	Asterales	414	Asteraceae	3065	Echinacea	3150914
3189837	Acer saccharinum	LC	TRUE	FALSE	FALSE	Plantae	6	Tracheophyta	7707728	Magnoliopsida	220	Sapindales	933	Sapindaceae	6657	Acer	3189834
3042291	Hesperis matronalis	NE	TRUE	TRUE	FALSE	Plantae	6	Tracheophyta	7707728	Magnoliopsida	220	Brassicales	7225535	Brassicaceae	3112	Hesperis	3042187
7102937	Euonymus japonicus	NE	TRUE	FALSE	FALSE	Plantae	6	Tracheophyta	7707728	Magnoliopsida	220	Celastrales	950	Celastraceae	6715	Euonymus	3169115
2859597	Ipheion uniflorum	NE	TRUE	FALSE	FALSE	Plantae	6	Tracheophyta	7707728	Liliopsida	196	Asparagales	1169	Amaryllidaceae	7682	Ipheion	9594338
2890287	Geranium nodosum	NE	TRUE	FALSE	TRUE	Plantae	6	Tracheophyta	7707728	Magnoliopsida	220	Geraniales	624	Geraniaceae	4676	Geranium	2889949
3042751	Brassica juncea	NE	TRUE	FALSE	FALSE	Plantae	6	Tracheophyta	7707728	Magnoliopsida	220	Brassicales	7225535	Brassicaceae	3112	Brassica	3042506
2767271	Scilla luciliae	NE	TRUE	FALSE	FALSE	Plantae	6	Tracheophyta	7707728	Liliopsida	196	Asparagales	1169	Asparagaceae	7683	Scilla	9555189
3117449	Erigeron annuus	NE	TRUE	TRUE	FALSE	Plantae	6	Tracheophyta	7707728	Magnoliopsida	220	Asterales	414	Asteraceae	3065	Erigeron	3146588
3048203	Erysimum cheiri	NE	TRUE	TRUE	TRUE	Plantae	6	Tracheophyta	7707728	Magnoliopsida	220	Brassicales	7225535	Brassicaceae	3112	Erysimum	3048056
NA	NA	NE	TRUE	FALSE	TRUE	Plantae	6	Tracheophyta	7707728	Magnoliopsida	220	Lamiales	408	Oleaceae	6652	Forsythia	3172281
2704757	Sporobolus indicus	LC	TRUE	FALSE	FALSE	Plantae	6	Tracheophyta	7707728	Liliopsida	196	Poales	1369	Poaceae	3073	Sporobolus	2704744
5372639	Salix babylonica	DD	TRUE	FALSE	FALSE	Plantae	6	Tracheophyta	7707728	Magnoliopsida	220	Malpighiales	1414	Salicaceae	6664	Salix	3039576
2985949	Sempervivum tectorum	NE	TRUE	FALSE	FALSE	Plantae	6	Tracheophyta	7707728	Magnoliopsida	220	Saxifragales	7219248	Crassulaceae	2406	Sempervivum	2985948
2651122	Polystichum munitum	NE	TRUE	FALSE	FALSE	Plantae	6	Tracheophyta	7707728	Polypodiopsida	7228684	Polypodiales	392	Dryopteridaceae	2373	Polystichum	2651085
NA	NA	NE	TRUE	FALSE	FALSE	Plantae	6	Tracheophyta	7707728	Magnoliopsida	220	Rosales	691	Rosaceae	5015	Malus	3001068
2880580	Quercus cerris	LC	TRUE	FALSE	FALSE	Plantae	6	Tracheophyta	7707728	Magnoliopsida	220	Fagales	1354	Fagaceae	4689	Quercus	2877951
8313153	Quercus palustris	LC	TRUE	FALSE	FALSE	Plantae	6	Tracheophyta	7707728	Magnoliopsida	220	Fagales	1354	Fagaceae	4689	Quercus	2877951
2686157	Larix kaempferi	LC	TRUE	FALSE	FALSE	Plantae	6	Tracheophyta	7707728	Pinopsida	194	Pinales	640	Pinaceae	3925	Larix	2686156
NA	NA	NE	TRUE	FALSE	FALSE	Plantae	6	Tracheophyta	7707728	Liliopsida	196	Poales	1369	Poaceae	3073	Setaria	2702955
3047621	Sinapis alba	NE	TRUE	FALSE	FALSE	Plantae	6	Tracheophyta	7707728	Magnoliopsida	220	Brassicales	7225535	Brassicaceae	3112	Sinapis	3047584
2927727	Phlox subulata	NE	TRUE	FALSE	FALSE	Plantae	6	Tracheophyta	7707728	Magnoliopsida	220	Ericales	1353	Polemoniaceae	6648	Phlox	2927698
8911082	Amaranthus blitum	NE	TRUE	FALSE	FALSE	Plantae	6	Tracheophyta	7707728	Magnoliopsida	220	Caryophyllales	422	Amaranthaceae	3064	Amaranthus	3085074
3031774	Mespilus germanica	LC	TRUE	TRUE	FALSE	Plantae	6	Tracheophyta	7707728	Magnoliopsida	220	Rosales	691	Rosaceae	5015	Mespilus	3031724
2928835	Lycium barbarum	NE	TRUE	FALSE	FALSE	Plantae	6	Tracheophyta	7707728	Magnoliopsida	220	Solanales	1176	Solanaceae	7717	Lycium	2928808
3040227	Populus nigra	DD	TRUE	FALSE	FALSE	Plantae	6	Tracheophyta	7707728	Magnoliopsida	220	Malpighiales	1414	Salicaceae	6664	Populus	3040183
5391480	Calendula officinalis	NE	TRUE	TRUE	FALSE	Plantae	6	Tracheophyta	7707728	Magnoliopsida	220	Asterales	414	Asteraceae	3065	Calendula	3104843
5356345	Laburnum anagyroides	LC	TRUE	FALSE	FALSE	Plantae	6	Tracheophyta	7707728	Magnoliopsida	220	Fabales	1370	Fabaceae	5386	Laburnum	3234737
8362005	Sasa palmata	NE	TRUE	FALSE	FALSE	Plantae	6	Tracheophyta	7707728	Liliopsida	196	Poales	1369	Poaceae	3073	Sasa	2704648
4046493	Polystichum luctuosum	NE	TRUE	FALSE	FALSE	Plantae	6	Tracheophyta	7707728	Polypodiopsida	7228684	Polypodiales	392	Dryopteridaceae	2373	Polystichum	2651085
2888625	Viburnum rhytidophyllum	NE	TRUE	FALSE	TRUE	Plantae	6	Tracheophyta	7707728	Magnoliopsida	220	Dipsacales	946	Viburnaceae	4924416	Viburnum	2888580
5389029	Solidago canadensis	NE	TRUE	FALSE	FALSE	Plantae	6	Tracheophyta	7707728	Magnoliopsida	220	Asterales	414	Asteraceae	3065	Solidago	5388868
2927004	Salvia officinalis	LC	TRUE	FALSE	FALSE	Plantae	6	Tracheophyta	7707728	Magnoliopsida	220	Lamiales	408	Lamiaceae	2497	Salvia	2926981
2704194	Poa infirma	NE	TRUE	FALSE	FALSE	Plantae	6	Tracheophyta	7707728	Liliopsida	196	Poales	1369	Poaceae	3073	Poa	2704173
5361909	Ficus carica	LC	TRUE	FALSE	TRUE	Plantae	6	Tracheophyta	7707728	Magnoliopsida	220	Rosales	691	Moraceae	6640	Ficus	2984588
2930137	Solanum lycopersicum	NE	TRUE	FALSE	FALSE	Plantae	6	Tracheophyta	7707728	Magnoliopsida	220	Solanales	1176	Solanaceae	7717	Solanum	2928997
3040233	Populus alba	LC	TRUE	FALSE	FALSE	Plantae	6	Tracheophyta	7707728	Magnoliopsida	220	Malpighiales	1414	Salicaceae	6664	Populus	3040183
3024109	Amelanchier lamarckii	NE	TRUE	FALSE	FALSE	Plantae	6	Tracheophyta	7707728	Magnoliopsida	220	Rosales	691	Rosaceae	5015	Amelanchier	3023817
2701986	Juncus canadensis	LC	TRUE	FALSE	FALSE	Plantae	6	Tracheophyta	7707728	Liliopsida	196	Poales	1369	Juncaceae	5353	Juncus	2701072
3886505	Phlomis russeliana	NE	TRUE	FALSE	TRUE	Plantae	6	Tracheophyta	7707728	Magnoliopsida	220	Lamiales	408	Lamiaceae	2497	Phlomis	2927450
2890541	Geranium purpureum	NE	TRUE	FALSE	FALSE	Plantae	6	Tracheophyta	7707728	Magnoliopsida	220	Geraniales	624	Geraniaceae	4676	Geranium	2889949
NA	NA	NE	TRUE	FALSE	FALSE	Plantae	6	Tracheophyta	7707728	Liliopsida	196	Asparagales	1169	Iridaceae	7698	Crocus	2747303
3053522	Berteroa incana	NE	TRUE	FALSE	FALSE	Plantae	6	Tracheophyta	7707728	Magnoliopsida	220	Brassicales	7225535	Brassicaceae	3112	Berteroa	3053514
5289833	Nassella tenuissima	NE	TRUE	FALSE	FALSE	Plantae	6	Tracheophyta	7707728	Liliopsida	196	Poales	1369	Poaceae	3073	Nassella	2703595
NA	NA	NE	TRUE	FALSE	FALSE	Plantae	6	Tracheophyta	7707728	Magnoliopsida	220	Saxifragales	7219248	Saxifragaceae	2402	Bergenia	3230650
2996525	Rubus armeniacus	NE	TRUE	FALSE	FALSE	Plantae	6	Tracheophyta	7707728	Magnoliopsida	220	Rosales	691	Rosaceae	5015	Rubus	2988638
2767428	Puschkinia scilloides	NE	TRUE	FALSE	FALSE	Plantae	6	Tracheophyta	7707728	Liliopsida	196	Asparagales	1169	Asparagaceae	7683	Puschkinia	2773625
2772666	Hyacinthus orientalis	NE	TRUE	FALSE	FALSE	Plantae	6	Tracheophyta	7707728	Liliopsida	196	Asparagales	1169	Asparagaceae	7683	Hyacinthus	2766192
3046812	Sisymbrium orientale	NE	TRUE	FALSE	FALSE	Plantae	6	Tracheophyta	7707728	Magnoliopsida	220	Brassicales	7225535	Brassicaceae	3112	Sisymbrium	3046735
2684178	Thuja occidentalis	LC	TRUE	FALSE	FALSE	Plantae	6	Tracheophyta	7707728	Pinopsida	194	Pinales	640	Cupressaceae	8144	Thuja	2684168
3026334	Cotoneaster divaricatus	NE	TRUE	FALSE	FALSE	Plantae	6	Tracheophyta	7707728	Magnoliopsida	220	Rosales	691	Rosaceae	5015	Cotoneaster	3025563
2705378	Eragrostis curvula	NE	TRUE	FALSE	FALSE	Plantae	6	Tracheophyta	7707728	Liliopsida	196	Poales	1369	Poaceae	3073	Eragrostis	2705322
2703723	Bromus catharticus	NE	TRUE	FALSE	FALSE	Plantae	6	Tracheophyta	7707728	Liliopsida	196	Poales	1369	Poaceae	3073	Bromus	2703642
2888579	Leycesteria formosa	NE	TRUE	FALSE	FALSE	Plantae	6	Tracheophyta	7707728	Magnoliopsida	220	Dipsacales	946	Caprifoliaceae	6710	Leycesteria	2888578
5582033	Salix udensis	NE	FALSE	TRUE	FALSE	Plantae	6	Tracheophyta	7707728	Magnoliopsida	220	Malpighiales	1414	Salicaceae	6664	Salix	3039576
9206251	Helianthus annuus	LC	TRUE	FALSE	FALSE	Plantae	6	Tracheophyta	7707728	Magnoliopsida	220	Asterales	414	Asteraceae	3065	Helianthus	3119134
5384848	Silene gallica	NE	TRUE	FALSE	FALSE	Plantae	6	Tracheophyta	7707728	Magnoliopsida	220	Caryophyllales	422	Caryophyllaceae	2518	Silene	3085897
2650107	Azolla filiculoides	NE	TRUE	TRUE	FALSE	Plantae	6	Tracheophyta	7707728	Polypodiopsida	7228684	Salviniales	7229405	Salviniaceae	6629	Azolla	2650103
8542672	Cotula australis	NE	TRUE	FALSE	FALSE	Plantae	6	Tracheophyta	7707728	Magnoliopsida	220	Asterales	414	Asteraceae	3065	Cotula	3112068
2984676	Pachysandra terminalis	NE	TRUE	TRUE	FALSE	Plantae	6	Tracheophyta	7707728	Magnoliopsida	220	Buxales	5939628	Buxaceae	6703	Pachysandra	2984674
2996929	Rubus ulmifolius	NE	TRUE	FALSE	TRUE	Plantae	6	Tracheophyta	7707728	Magnoliopsida	220	Rosales	691	Rosaceae	5015	Rubus	2988638
2926110	Borago officinalis	NE	TRUE	FALSE	TRUE	Plantae	6	Tracheophyta	7707728	Magnoliopsida	220	Boraginales	7226464	Boraginaceae	2498	Borago	2926109
5334208	Corydalis solida	NE	TRUE	FALSE	TRUE	Plantae	6	Tracheophyta	7707728	Magnoliopsida	220	Ranunculales	399	Papaveraceae	2422	Corydalis	7576308
8012439	Symphoricarpos albus	NE	TRUE	TRUE	TRUE	Plantae	6	Tracheophyta	7707728	Magnoliopsida	220	Dipsacales	946	Caprifoliaceae	6710	Symphoricarpos	7892576
3067353	Euphorbia characias	NE	TRUE	FALSE	TRUE	Plantae	6	Tracheophyta	7707728	Magnoliopsida	220	Malpighiales	1414	Euphorbiaceae	4691	Euphorbia	11397237
5414335	Primula vulgaris	NE	TRUE	TRUE	FALSE	Plantae	6	Tracheophyta	7707728	Magnoliopsida	220	Ericales	1353	Primulaceae	6674	Primula	8026112
2888513	Pseudofumaria lutea	NE	TRUE	TRUE	TRUE	Plantae	6	Tracheophyta	7707728	Magnoliopsida	220	Ranunculales	399	Papaveraceae	2422	Pseudofumaria	9513921
3114643	Carduus acanthoides	NE	TRUE	FALSE	FALSE	Plantae	6	Tracheophyta	7707728	Magnoliopsida	220	Asterales	414	Asteraceae	3065	Carduus	3114511
NA	NA	NE	TRUE	FALSE	FALSE	Plantae	6	Tracheophyta	7707728	Liliopsida	196	Poales	1369	Poaceae	3073	Phyllostachys	2705978
3069460	Euphorbia oblongata	NE	TRUE	FALSE	FALSE	Plantae	6	Tracheophyta	7707728	Magnoliopsida	220	Malpighiales	1414	Euphorbiaceae	4691	Euphorbia	11397237
3026074	Cotoneaster salicifolius	NE	TRUE	FALSE	FALSE	Plantae	6	Tracheophyta	7707728	Magnoliopsida	220	Rosales	691	Rosaceae	5015	Cotoneaster	3025563
5373358	Lobularia maritima	NE	TRUE	FALSE	TRUE	Plantae	6	Tracheophyta	7707728	Magnoliopsida	220	Brassicales	7225535	Brassicaceae	3112	Lobularia	3040809
NA	NA	NE	TRUE	FALSE	TRUE	Plantae	6	Tracheophyta	7707728	NA	NA	NA	NA	NA	NA	NA	NA
5289686	Setaria verticillata	NE	TRUE	FALSE	FALSE	Plantae	6	Tracheophyta	7707728	Liliopsida	196	Poales	1369	Poaceae	3073	Setaria	2702955
2684191	Taxodium distichum	LC	TRUE	FALSE	FALSE	Plantae	6	Tracheophyta	7707728	Pinopsida	194	Pinales	640	Cupressaceae	8144	Taxodium	2684190
2926130	Pentaglottis sempervirens	NE	TRUE	TRUE	TRUE	Plantae	6	Tracheophyta	7707728	Magnoliopsida	220	Boraginales	7226464	Boraginaceae	2498	Pentaglottis	2926129
2684120	Sequoiadendron giganteum	EN	FALSE	TRUE	FALSE	Plantae	6	Tracheophyta	7707728	Pinopsida	194	Pinales	640	Cupressaceae	8144	Sequoiadendron	2684119
2650829	Cyrtomium falcatum	NE	TRUE	FALSE	TRUE	Plantae	6	Tracheophyta	7707728	Polypodiopsida	7228684	Polypodiales	392	Dryopteridaceae	2373	Cyrtomium	8245169
5284237	Cryptomeria japonica	NT	TRUE	FALSE	TRUE	Plantae	6	Tracheophyta	7707728	Pinopsida	194	Pinales	640	Cupressaceae	8144	Cryptomeria	2683915
5408087	Lobelia erinus	NE	TRUE	FALSE	FALSE	Plantae	6	Tracheophyta	7707728	Magnoliopsida	220	Asterales	414	Campanulaceae	8801	Lobelia	2756426
3036892	Aralia elata	LC	TRUE	FALSE	FALSE	Plantae	6	Tracheophyta	7707728	Magnoliopsida	220	Apiales	1351	Araliaceae	8800	Aralia	3036858
7738766	Miscanthus sacchariflorus	NE	FALSE	TRUE	FALSE	Plantae	6	Tracheophyta	7707728	Liliopsida	196	Poales	1369	Poaceae	3073	Miscanthus	2706020
7135755	Rhododendron luteum	NE	TRUE	FALSE	FALSE	Plantae	6	Tracheophyta	7707728	Magnoliopsida	220	Ericales	1353	Ericaceae	2505	Rhododendron	2883026
3150935	Echinacea purpurea	NE	TRUE	FALSE	FALSE	Plantae	6	Tracheophyta	7707728	Magnoliopsida	220	Asterales	414	Asteraceae	3065	Echinacea	3150914
5551241	Iberis sempervirens	NE	TRUE	FALSE	FALSE	Plantae	6	Tracheophyta	7707728	Magnoliopsida	220	Brassicales	7225535	Brassicaceae	3112	Iberis	5377149
2883007	Kalmia angustifolia	NE	TRUE	FALSE	FALSE	Plantae	6	Tracheophyta	7707728	Magnoliopsida	220	Ericales	1353	Ericaceae	2505	Kalmia	2882989
7296321	Viola riviniana	NE	TRUE	FALSE	FALSE	Plantae	6	Tracheophyta	7707728	Magnoliopsida	220	Malpighiales	1414	Violaceae	6631	Viola	2874237
2926045	Brunnera macrophylla	NE	TRUE	FALSE	TRUE	Plantae	6	Tracheophyta	7707728	Magnoliopsida	220	Boraginales	7226464	Boraginaceae	2498	Brunnera	2926044
2925870	Amsinckia menziesii	NE	TRUE	FALSE	FALSE	Plantae	6	Tracheophyta	7707728	Magnoliopsida	220	Boraginales	7226464	Boraginaceae	2498	Amsinckia	2925869
7437751	Urtica membranacea	NE	TRUE	FALSE	TRUE	Plantae	6	Tracheophyta	7707728	Magnoliopsida	220	Rosales	691	Urticaceae	6639	Urtica	2984391
5384741	Silene coronaria	NE	TRUE	TRUE	FALSE	Plantae	6	Tracheophyta	7707728	Magnoliopsida	220	Caryophyllales	422	Caryophyllaceae	2518	Silene	3085897
2739071	Trachycarpus fortunei	NE	TRUE	FALSE	FALSE	Plantae	6	Tracheophyta	7707728	Liliopsida	196	Arecales	552	Arecaceae	7681	Trachycarpus	2739070
2747530	Crocus sieberi	NE	TRUE	FALSE	TRUE	Plantae	6	Tracheophyta	7707728	Liliopsida	196	Asparagales	1169	Iridaceae	7698	Crocus	2747303
5290167	Phyllostachys aurea	NE	TRUE	FALSE	FALSE	Plantae	6	Tracheophyta	7707728	Liliopsida	196	Poales	1369	Poaceae	3073	Phyllostachys	2705978
2683866	Chamaecyparis lawsoniana	NT	TRUE	TRUE	TRUE	Plantae	6	Tracheophyta	7707728	Pinopsida	194	Pinales	640	Cupressaceae	8144	Chamaecyparis	2683848
3032653	Heuchera sanguinea	NE	TRUE	FALSE	FALSE	Plantae	6	Tracheophyta	7707728	Magnoliopsida	220	Saxifragales	7219248	Saxifragaceae	2402	Heuchera	3032645
NA	NA	NE	TRUE	FALSE	FALSE	Plantae	6	Tracheophyta	7707728	Magnoliopsida	220	Boraginales	7226464	Boraginaceae	2498	Symphytum	2926061
3114225	Rudbeckia hirta	NE	TRUE	FALSE	FALSE	Plantae	6	Tracheophyta	7707728	Magnoliopsida	220	Asterales	414	Asteraceae	3065	Rudbeckia	3114220
3034681	Myrrhis odorata	NE	TRUE	FALSE	FALSE	Plantae	6	Tracheophyta	7707728	Magnoliopsida	220	Apiales	1351	Apiaceae	6720	Myrrhis	3034680
7952471	Pseudosasa japonica	NE	TRUE	FALSE	TRUE	Plantae	6	Tracheophyta	7707728	Liliopsida	196	Poales	1369	Poaceae	3073	Pseudosasa	2706208
3189073	Epilobium brachycarpum	NE	TRUE	FALSE	FALSE	Plantae	6	Tracheophyta	7707728	Magnoliopsida	220	Myrtales	690	Onagraceae	2430	Epilobium	3189067
3189815	Aesculus hippocastanum	VU	TRUE	FALSE	FALSE	Plantae	6	Tracheophyta	7707728	Magnoliopsida	220	Sapindales	933	Sapindaceae	6657	Aesculus	3189801
3085381	Polycarpon tetraphyllum	NE	TRUE	FALSE	TRUE	Plantae	6	Tracheophyta	7707728	Magnoliopsida	220	Caryophyllales	422	Caryophyllaceae	2518	Polycarpon	3085379
2747567	Crocus vernus	NE	TRUE	FALSE	TRUE	Plantae	6	Tracheophyta	7707728	Liliopsida	196	Asparagales	1169	Iridaceae	7698	Crocus	2747303
2891079	Geranium macrorrhizum	NE	TRUE	FALSE	TRUE	Plantae	6	Tracheophyta	7707728	Magnoliopsida	220	Geraniales	624	Geraniaceae	4676	Geranium	2889949
9151957	Medicago sativa	LC	TRUE	TRUE	FALSE	Plantae	6	Tracheophyta	7707728	Magnoliopsida	220	Fabales	1370	Fabaceae	5386	Medicago	2965200
5290177	Lagurus ovatus	NE	TRUE	FALSE	FALSE	Plantae	6	Tracheophyta	7707728	Liliopsida	196	Poales	1369	Poaceae	3073	Lagurus	2706017
6443709	Tragopogon dubius	NE	TRUE	FALSE	FALSE	Plantae	6	Tracheophyta	7707728	Magnoliopsida	220	Asterales	414	Asteraceae	3065	Tragopogon	3092408
8116963	Acanthus hungaricus	NE	FALSE	FALSE	TRUE	Plantae	6	Tracheophyta	7707728	Magnoliopsida	220	Lamiales	408	Acanthaceae	2393	Acanthus	3173198
9419993	Erodium moschatum	NE	TRUE	FALSE	FALSE	Plantae	6	Tracheophyta	7707728	Magnoliopsida	220	Geraniales	624	Geraniaceae	4676	Erodium	2891616
7828251	Mahonia japonica	NE	TRUE	FALSE	FALSE	Plantae	6	Tracheophyta	7707728	Magnoliopsida	220	Ranunculales	399	Berberidaceae	6673	Mahonia	3033842
2687182	Tsuga canadensis	NT	TRUE	FALSE	FALSE	Plantae	6	Tracheophyta	7707728	Pinopsida	194	Pinales	640	Pinaceae	3925	Tsuga	8527396
3034182	Ammi majus	NE	FALSE	TRUE	FALSE	Plantae	6	Tracheophyta	7707728	Magnoliopsida	220	Apiales	1351	Apiaceae	6720	Ammi	3034181
5373368	Rapistrum rugosum	NE	TRUE	FALSE	FALSE	Plantae	6	Tracheophyta	7707728	Magnoliopsida	220	Brassicales	7225535	Brassicaceae	3112	Rapistrum	8306649
2888439	Papaver somniferum	NE	TRUE	FALSE	FALSE	Plantae	6	Tracheophyta	7707728	Magnoliopsida	220	Ranunculales	399	Papaveraceae	2422	Papaver	2888431
7307829	Lavandula dentata	NE	FALSE	FALSE	TRUE	Plantae	6	Tracheophyta	7707728	Magnoliopsida	220	Lamiales	408	Lamiaceae	2497	Lavandula	2927302
NA	NA	NE	TRUE	TRUE	TRUE	Plantae	6	Tracheophyta	7707728	Pinopsida	194	Pinales	640	Pinaceae	3925	Larix	2686156
6362904	Populus trichocarpa	LC	TRUE	FALSE	FALSE	Plantae	6	Tracheophyta	7707728	Magnoliopsida	220	Malpighiales	1414	Salicaceae	6664	Populus	3040183
2888380	Eschscholzia californica	NE	TRUE	FALSE	FALSE	Plantae	6	Tracheophyta	7707728	Magnoliopsida	220	Ranunculales	399	Papaveraceae	2422	Eschscholzia	2888379
2687210	Tsuga heterophylla	LC	TRUE	TRUE	FALSE	Plantae	6	Tracheophyta	7707728	Pinopsida	194	Pinales	640	Pinaceae	3925	Tsuga	8527396
NA	NA	NE	TRUE	FALSE	FALSE	Plantae	6	Tracheophyta	7707728	Magnoliopsida	220	Lamiales	408	Plantaginaceae	2420	Veronica	3172047
3006171	Rosa carolina	NE	TRUE	FALSE	FALSE	Plantae	6	Tracheophyta	7707728	Magnoliopsida	220	Rosales	691	Rosaceae	5015	Rosa	8395064
5284809	Pinus nigra	LC	TRUE	TRUE	FALSE	Plantae	6	Tracheophyta	7707728	Pinopsida	194	Pinales	640	Pinaceae	3925	Pinus	2684241
2685796	Pseudotsuga menziesii	LC	TRUE	TRUE	FALSE	Plantae	6	Tracheophyta	7707728	Pinopsida	194	Pinales	640	Pinaceae	3925	Pseudotsuga	2685775
NA	NA	NE	TRUE	FALSE	FALSE	Plantae	6	Tracheophyta	7707728	Liliopsida	196	Zingiberales	627	Musaceae	4686	Musa	2760990
7327990	Rhododendron ponticum	NE	TRUE	FALSE	TRUE	Plantae	6	Tracheophyta	7707728	Magnoliopsida	220	Ericales	1353	Ericaceae	2505	Rhododendron	2883026
2702808	Echinochloa crus-galli	LC	TRUE	FALSE	FALSE	Plantae	6	Tracheophyta	7707728	Liliopsida	196	Poales	1369	Poaceae	3073	Echinochloa	2702794
5361762	Myriophyllum heterophyllum	LC	TRUE	FALSE	FALSE	Plantae	6	Tracheophyta	7707728	Magnoliopsida	220	Saxifragales	7219248	Haloragaceae	6694	Myriophyllum	2984253
4063383	Trachystemon orientale	NE	TRUE	FALSE	FALSE	Plantae	6	Tracheophyta	7707728	Magnoliopsida	220	Boraginales	7226464	Boraginaceae	2498	Trachystemon	7295025
2891390	Geranium phaeum	NE	TRUE	FALSE	FALSE	Plantae	6	Tracheophyta	7707728	Magnoliopsida	220	Geraniales	624	Geraniaceae	4676	Geranium	2889949
5375012	Arabis procurrens	NE	TRUE	FALSE	FALSE	Plantae	6	Tracheophyta	7707728	Magnoliopsida	220	Brassicales	7225535	Brassicaceae	3112	Arabis	5374837
2781074	Hemerocallis fulva	NE	TRUE	FALSE	FALSE	Plantae	6	Tracheophyta	7707728	Liliopsida	196	Asparagales	1169	Asphodelaceae	4259209	Hemerocallis	9557223
7810918	Scrophularia vernalis	NE	TRUE	FALSE	FALSE	Plantae	6	Tracheophyta	7707728	Magnoliopsida	220	Lamiales	408	Scrophulariaceae	2390	Scrophularia	3170861
5341501	Melissa officinalis	NE	TRUE	TRUE	TRUE	Plantae	6	Tracheophyta	7707728	Magnoliopsida	220	Lamiales	408	Lamiaceae	2497	Melissa	2927330
NA	NA	NE	TRUE	FALSE	FALSE	Plantae	6	Tracheophyta	7707728	Magnoliopsida	220	Asterales	414	Asteraceae	3065	Symphyotrichum	3151391
2929710	Solanum chenopodioides	NE	TRUE	FALSE	FALSE	Plantae	6	Tracheophyta	7707728	Magnoliopsida	220	Solanales	1176	Solanaceae	7717	Solanum	2928997
6027089	Smyrnium perfoliatum	NE	TRUE	FALSE	TRUE	Plantae	6	Tracheophyta	7707728	Magnoliopsida	220	Apiales	1351	Apiaceae	6720	Smyrnium	3034781
3039270	Elaeagnus pungens	LC	TRUE	FALSE	FALSE	Plantae	6	Tracheophyta	7707728	Magnoliopsida	220	Rosales	691	Elaeagnaceae	2408	Elaeagnus	3039266
3033888	Mahonia bealei	NE	FALSE	FALSE	TRUE	Plantae	6	Tracheophyta	7707728	Magnoliopsida	220	Ranunculales	399	Berberidaceae	6673	Mahonia	3033842
2888585	Viburnum tinus	LC	TRUE	TRUE	FALSE	Plantae	6	Tracheophyta	7707728	Magnoliopsida	220	Dipsacales	946	Viburnaceae	4924416	Viburnum	2888580
3690997	Cardamine occulta	NE	TRUE	FALSE	TRUE	Plantae	6	Tracheophyta	7707728	Magnoliopsida	220	Brassicales	7225535	Brassicaceae	3112	Cardamine	3045622
5284827	Picea sitchensis	LC	TRUE	TRUE	FALSE	Plantae	6	Tracheophyta	7707728	Pinopsida	194	Pinales	640	Pinaceae	3925	Picea	7606064
3169756	Nerium oleander	LC	TRUE	FALSE	FALSE	Plantae	6	Tracheophyta	7707728	Magnoliopsida	220	Gentianales	412	Apocynaceae	6701	Nerium	3169755
5356517	Lathyrus latifolius	LC	TRUE	TRUE	TRUE	Plantae	6	Tracheophyta	7707728	Magnoliopsida	220	Fabales	1370	Fabaceae	5386	Lathyrus	10356062
2888867	Rheum rhabarbarum	NE	TRUE	FALSE	FALSE	Plantae	6	Tracheophyta	7707728	Magnoliopsida	220	Caryophyllales	422	Polygonaceae	2416	Rheum	2888863
5414239	Ilex crenata	NE	TRUE	FALSE	FALSE	Plantae	6	Tracheophyta	7707728	Magnoliopsida	220	Aquifoliales	7226638	Aquifoliaceae	6716	Ilex	10792217
5598915	Lonicera pileata	NE	TRUE	FALSE	TRUE	Plantae	6	Tracheophyta	7707728	Magnoliopsida	220	Dipsacales	946	Caprifoliaceae	6710	Lonicera	2888645
2677047	Orthodontium lineare	NE	TRUE	FALSE	FALSE	Plantae	6	Bryophyta	35	Bryopsida	327	Orthodontiales	12199839	Orthodontiaceae	5792190	Orthodontium	2677042
5333354	Leucothoe fontanesiana	NE	TRUE	FALSE	FALSE	Plantae	6	Tracheophyta	7707728	Magnoliopsida	220	Ericales	1353	Ericaceae	2505	Leucothoe	7328687
2765272	Tradescantia virginiana	NE	TRUE	FALSE	FALSE	Plantae	6	Tracheophyta	7707728	Liliopsida	196	Commelinales	553	Commelinaceae	2763195	Tradescantia	2765096
2974832	Vicia faba	NE	TRUE	FALSE	FALSE	Plantae	6	Tracheophyta	7707728	Magnoliopsida	220	Fabales	1370	Fabaceae	5386	Vicia	2974751
9398259	Sporobolus anglicus	NE	TRUE	FALSE	FALSE	Plantae	6	Tracheophyta	7707728	Liliopsida	196	Poales	1369	Poaceae	3073	Sporobolus	2704744
2986130	Ribes sanguineum	NE	TRUE	FALSE	TRUE	Plantae	6	Tracheophyta	7707728	Magnoliopsida	220	Saxifragales	7219248	Grossulariaceae	2403	Ribes	2986095
7903057	Brassica rapa	NE	TRUE	FALSE	FALSE	Plantae	6	Tracheophyta	7707728	Magnoliopsida	220	Brassicales	7225535	Brassicaceae	3112	Brassica	3042506
5376648	Lepidium virginicum	NE	TRUE	TRUE	TRUE	Plantae	6	Tracheophyta	7707728	Magnoliopsida	220	Brassicales	7225535	Brassicaceae	3112	Lepidium	3051713
3036033	Hedera colchica	NE	TRUE	TRUE	FALSE	Plantae	6	Tracheophyta	7707728	Magnoliopsida	220	Apiales	1351	Araliaceae	8800	Hedera	3036021
5376961	Lepidium draba	NE	TRUE	FALSE	FALSE	Plantae	6	Tracheophyta	7707728	Magnoliopsida	220	Brassicales	7225535	Brassicaceae	3112	Lepidium	3051713
5415012	Linaria purpurea	NE	TRUE	FALSE	FALSE	Plantae	6	Tracheophyta	7707728	Magnoliopsida	220	Lamiales	408	Plantaginaceae	2420	Linaria	3172168
9148577	Alnus incana	LC	TRUE	TRUE	FALSE	Plantae	6	Tracheophyta	7707728	Magnoliopsida	220	Fagales	1354	Betulaceae	4688	Alnus	2876099
2702084	Juncus tenuis	NE	TRUE	TRUE	TRUE	Plantae	6	Tracheophyta	7707728	Liliopsida	196	Poales	1369	Juncaceae	5353	Juncus	2701072
5598598	Lonicera acuminata	NE	TRUE	FALSE	TRUE	Plantae	6	Tracheophyta	7707728	Magnoliopsida	220	Dipsacales	946	Caprifoliaceae	6710	Lonicera	2888645
9823072	Oxalis stricta	NE	TRUE	TRUE	TRUE	Plantae	6	Tracheophyta	7707728	Magnoliopsida	220	Oxalidales	7224021	Oxalidaceae	6697	Oxalis	2891642
2772094	Muscari botryoides	NE	TRUE	FALSE	FALSE	Plantae	6	Tracheophyta	7707728	Liliopsida	196	Asparagales	1169	Asparagaceae	7683	Muscari	2772004
NA	NA	NE	TRUE	FALSE	FALSE	Plantae	6	Tracheophyta	7707728	Magnoliopsida	220	Lamiales	408	Lamiaceae	2497	Lavandula	2927302
5355395	Spartium junceum	NE	TRUE	FALSE	FALSE	Plantae	6	Tracheophyta	7707728	Magnoliopsida	220	Fabales	1370	Fabaceae	5386	Spartium	8109416
5392174	Bidens frondosa	LC	TRUE	FALSE	FALSE	Plantae	6	Tracheophyta	7707728	Magnoliopsida	220	Asterales	414	Asteraceae	3065	Bidens	3105856
2865448	Elodea canadensis	LC	TRUE	FALSE	TRUE	Plantae	6	Tracheophyta	7707728	Liliopsida	196	Alismatales	551	Hydrocharitaceae	3721	Elodea	7454696
2650827	Cyrtomium fortunei	NE	TRUE	FALSE	FALSE	Plantae	6	Tracheophyta	7707728	Polypodiopsida	7228684	Polypodiales	392	Dryopteridaceae	2373	Cyrtomium	8245169
5350005	Coronilla varia	NE	TRUE	FALSE	FALSE	Plantae	6	Tracheophyta	7707728	Magnoliopsida	220	Fabales	1370	Fabaceae	5386	Coronilla	2943640
4129708	Lolium multiflorum	NE	TRUE	FALSE	FALSE	Plantae	6	Tracheophyta	7707728	Liliopsida	196	Poales	1369	Poaceae	3073	Lolium	2706217
2683894	Xanthocyparis nootkatensis	NE	TRUE	FALSE	FALSE	Plantae	6	Tracheophyta	7707728	Pinopsida	194	Pinales	640	Cupressaceae	8144	Xanthocyparis	2683893
8152187	Muscari armeniacum	NE	TRUE	FALSE	TRUE	Plantae	6	Tracheophyta	7707728	Liliopsida	196	Asparagales	1169	Asparagaceae	7683	Muscari	2772004
2715482	Cyperus eragrostis	LC	TRUE	TRUE	TRUE	Plantae	6	Tracheophyta	7707728	Liliopsida	196	Poales	1369	Cyperaceae	7708	Cyperus	2713455
2926042	Nonea lutea	NE	TRUE	FALSE	FALSE	Plantae	6	Tracheophyta	7707728	Magnoliopsida	220	Boraginales	7226464	Boraginaceae	2498	Nonea	2926040
5369784	Geum macrophyllum	NE	TRUE	TRUE	FALSE	Plantae	6	Tracheophyta	7707728	Magnoliopsida	220	Rosales	691	Rosaceae	5015	Geum	3024294
5671747	Cenchrus alopecuroides	NE	TRUE	FALSE	FALSE	Plantae	6	Tracheophyta	7707728	Liliopsida	196	Poales	1369	Poaceae	3073	Cenchrus	2703201
2702808	Echinochloa crus-galli	NE	TRUE	FALSE	FALSE	Plantae	6	Tracheophyta	7707728	Liliopsida	196	Poales	1369	Poaceae	3073	Echinochloa	2702794
3129663	Baccharis halimifolia	LC	TRUE	FALSE	FALSE	Plantae	6	Tracheophyta	7707728	Magnoliopsida	220	Asterales	414	Asteraceae	3065	Baccharis	3129135
2679898	Brachythecium rutabulum	NE	TRUE	FALSE	FALSE	Plantae	6	Bryophyta	35	Bryopsida	327	Hypnales	617	Brachytheciaceae	4651	Brachythecium	9479232
7470937	Exsertotheca crispa	NE	FALSE	TRUE	FALSE	Plantae	6	Bryophyta	35	Bryopsida	327	Hypnales	617	Neckeraceae	4665	Exsertotheca	7974455
2951984	Ulex europaeus	LC	TRUE	FALSE	FALSE	Plantae	6	Tracheophyta	7707728	Magnoliopsida	220	Fabales	1370	Fabaceae	5386	Ulex	2951953
5290149	Phragmites australis	LC	FALSE	FALSE	TRUE	Plantae	6	Tracheophyta	7707728	Liliopsida	196	Poales	1369	Poaceae	3073	Phragmites	2705783
6413649	Juncus bufonius	LC	TRUE	FALSE	FALSE	Plantae	6	Tracheophyta	7707728	Liliopsida	196	Poales	1369	Juncaceae	5353	Juncus	2701072
2888960	Rumex sanguineus	NE	FALSE	TRUE	FALSE	Plantae	6	Tracheophyta	7707728	Magnoliopsida	220	Caryophyllales	422	Polygonaceae	2416	Rumex	2888942
7708376	Dicranoweisia cirrata	NE	TRUE	FALSE	FALSE	Plantae	6	Bryophyta	35	Bryopsida	327	Dicranales	1335	Rhabdoweisiaceae	4641	Dicranoweisia	2672903
