gbifID,datasetKey,occurrenceID,kingdom,phylum,class,order,family,genus,species,infraspecificEpithet,taxonRank,scientificName,countryCode,locality,publishingOrgKey,decimalLatitude,decimalLongitude,coordinateUncertaintyInMeters,coordinatePrecision,elevation,elevationAccuracy,depth,depthAccuracy,eventDate,day,month,year,taxonKey,speciesKey,basisOfRecord,institutionCode,collectionCode,catalogNumber,recordNumber,identifiedBy,dateIdentified,license,rightsHolder,recordedBy,typeStatus,establishmentMeans,lastInterpreted,mediaType,issue
1426014783,702973cf-6935-45bf-ba31-cecee3571cf9,INBO:VIS:Occ:00797898,Animalia,Arthropoda,Malacostraca,Decapoda,Pseudothelphusidae,Eriocheir,Eriocheir sinensis,NA,SPECIES,"Eriocheir sinensis H.Milne Edwards, 1853",BE,NA,1cd669d0-80ea-11de-a9d0-f1765f95f18b,51.12088,4.26938,250,NA,NA,NA,NA,NA,2015-06-30T00:00:00Z,30,6,2015,2225776,2225776,HUMAN_OBSERVATION,INBO,NA,NA,NA,Jan Breine,NA,CC0_1_0,INBO,Jan Breine,NA,NA,2018-12-09T23:15:40Z,NA,NA
1426014743,702973cf-6935-45bf-ba31-cecee3571cf9,INBO:VIS:Occ:00798117,Animalia,Arthropoda,Malacostraca,Decapoda,Pseudothelphusidae,Eriocheir,Eriocheir sinensis,NA,SPECIES,"Eriocheir sinensis H.Milne Edwards, 1853",BE,NA,1cd669d0-80ea-11de-a9d0-f1765f95f18b,51.11627,4.25696,250,NA,NA,NA,NA,NA,2015-06-30T00:00:00Z,30,6,2015,2225776,2225776,HUMAN_OBSERVATION,INBO,NA,NA,NA,Jan Breine,NA,CC0_1_0,INBO,Jan Breine,NA,NA,2018-12-09T23:15:40Z,NA,NA
1426014732,702973cf-6935-45bf-ba31-cecee3571cf9,INBO:VIS:Occ:00797900,Animalia,Arthropoda,Malacostraca,Decapoda,Pseudothelphusidae,Eriocheir,Eriocheir sinensis,NA,SPECIES,"Eriocheir sinensis H.Milne Edwards, 1853",BE,NA,1cd669d0-80ea-11de-a9d0-f1765f95f18b,51.12342,4.28004,250,NA,NA,NA,NA,NA,2015-06-30T00:00:00Z,30,6,2015,2225776,2225776,HUMAN_OBSERVATION,INBO,NA,NA,NA,Jan Breine,NA,CC0_1_0,INBO,Jan Breine,NA,NA,2018-12-09T23:15:40Z,NA,NA
1426014656,702973cf-6935-45bf-ba31-cecee3571cf9,INBO:VIS:Occ:00797629,Animalia,Arthropoda,Malacostraca,Decapoda,Pseudothelphusidae,Eriocheir,Eriocheir sinensis,NA,SPECIES,"Eriocheir sinensis H.Milne Edwards, 1853",BE,NA,1cd669d0-80ea-11de-a9d0-f1765f95f18b,51.11896,4.26525,250,NA,NA,NA,NA,NA,2015-06-30T00:00:00Z,30,6,2015,2225776,2225776,HUMAN_OBSERVATION,INBO,NA,NA,NA,Jan Breine,NA,CC0_1_0,INBO,Jan Breine,NA,NA,2018-12-09T23:15:40Z,NA,NA
1426014476,702973cf-6935-45bf-ba31-cecee3571cf9,INBO:VIS:Occ:00797722,Animalia,Arthropoda,Malacostraca,Decapoda,Pseudothelphusidae,Eriocheir,Eriocheir sinensis,NA,SPECIES,"Eriocheir sinensis H.Milne Edwards, 1853",BE,NA,1cd669d0-80ea-11de-a9d0-f1765f95f18b,51.12088,4.26938,250,NA,NA,NA,NA,NA,2015-06-30T00:00:00Z,30,6,2015,2225776,2225776,HUMAN_OBSERVATION,INBO,NA,NA,NA,Jan Breine,NA,CC0_1_0,INBO,Jan Breine,NA,NA,2018-12-09T23:15:40Z,NA,NA
1426014471,702973cf-6935-45bf-ba31-cecee3571cf9,INBO:VIS:Occ:00798132,Animalia,Arthropoda,Malacostraca,Decapoda,Pseudothelphusidae,Eriocheir,Eriocheir sinensis,NA,SPECIES,"Eriocheir sinensis H.Milne Edwards, 1853",BE,NA,1cd669d0-80ea-11de-a9d0-f1765f95f18b,51.11896,4.26525,250,NA,NA,NA,NA,NA,2015-06-30T00:00:00Z,30,6,2015,2225776,2225776,HUMAN_OBSERVATION,INBO,NA,NA,NA,Jan Breine,NA,CC0_1_0,INBO,Jan Breine,NA,NA,2018-12-09T23:15:40Z,NA,NA
1426014269,702973cf-6935-45bf-ba31-cecee3571cf9,INBO:VIS:Occ:00797003,Animalia,Arthropoda,Malacostraca,Decapoda,Pseudothelphusidae,Eriocheir,Eriocheir sinensis,NA,SPECIES,"Eriocheir sinensis H.Milne Edwards, 1853",BE,NA,1cd669d0-80ea-11de-a9d0-f1765f95f18b,51.00327,3.86759,250,NA,NA,NA,NA,NA,2015-10-28T00:00:00Z,28,10,2015,2225776,2225776,HUMAN_OBSERVATION,INBO,NA,NA,NA,Jan Breine,NA,CC0_1_0,INBO,Jan Breine,NA,NA,2018-12-09T23:15:40Z,NA,NA
1426014248,702973cf-6935-45bf-ba31-cecee3571cf9,INBO:VIS:Occ:00797935,Animalia,Arthropoda,Malacostraca,Decapoda,Pseudothelphusidae,Eriocheir,Eriocheir sinensis,NA,SPECIES,"Eriocheir sinensis H.Milne Edwards, 1853",BE,NA,1cd669d0-80ea-11de-a9d0-f1765f95f18b,51.12342,4.28004,250,NA,NA,NA,NA,NA,2015-06-30T00:00:00Z,30,6,2015,2225776,2225776,HUMAN_OBSERVATION,INBO,NA,NA,NA,Jan Breine,NA,CC0_1_0,INBO,Jan Breine,NA,NA,2018-12-09T23:15:40Z,NA,NA
1426014157,702973cf-6935-45bf-ba31-cecee3571cf9,INBO:VIS:Occ:00796904,Animalia,Arthropoda,Malacostraca,Decapoda,Pseudothelphusidae,Eriocheir,Eriocheir sinensis,NA,SPECIES,"Eriocheir sinensis H.Milne Edwards, 1853",BE,NA,1cd669d0-80ea-11de-a9d0-f1765f95f18b,51.00327,3.86759,250,NA,NA,NA,NA,NA,2015-10-27T00:00:00Z,27,10,2015,2225776,2225776,HUMAN_OBSERVATION,INBO,NA,NA,NA,Jan Breine,NA,CC0_1_0,INBO,Jan Breine,NA,NA,2018-12-09T23:15:40Z,NA,NA
1426014100,702973cf-6935-45bf-ba31-cecee3571cf9,INBO:VIS:Occ:00796584,Animalia,Arthropoda,Malacostraca,Decapoda,Pseudothelphusidae,Eriocheir,Eriocheir sinensis,NA,SPECIES,"Eriocheir sinensis H.Milne Edwards, 1853",BE,NA,1cd669d0-80ea-11de-a9d0-f1765f95f18b,51.0505,4.19334,250,NA,NA,NA,NA,NA,2015-10-28T00:00:00Z,28,10,2015,2225776,2225776,HUMAN_OBSERVATION,INBO,NA,NA,NA,Jan Breine,NA,CC0_1_0,INBO,Jan Breine,NA,NA,2018-12-09T23:15:39Z,NA,NA
1426014014,702973cf-6935-45bf-ba31-cecee3571cf9,INBO:VIS:Occ:00796522,Animalia,Arthropoda,Malacostraca,Decapoda,Pseudothelphusidae,Eriocheir,Eriocheir sinensis,NA,SPECIES,"Eriocheir sinensis H.Milne Edwards, 1853",BE,NA,1cd669d0-80ea-11de-a9d0-f1765f95f18b,51.0505,4.19334,250,NA,NA,NA,NA,NA,2015-10-27T00:00:00Z,27,10,2015,2225776,2225776,HUMAN_OBSERVATION,INBO,NA,NA,NA,Jan Breine,NA,CC0_1_0,INBO,Jan Breine,NA,NA,2018-12-09T23:15:40Z,NA,NA
1426013761,702973cf-6935-45bf-ba31-cecee3571cf9,INBO:VIS:Occ:00796862,Animalia,Arthropoda,Malacostraca,Decapoda,Pseudothelphusidae,Eriocheir,Eriocheir sinensis,NA,SPECIES,"Eriocheir sinensis H.Milne Edwards, 1853",BE,NA,1cd669d0-80ea-11de-a9d0-f1765f95f18b,51.04837,4.06934,250,NA,NA,NA,NA,NA,2015-10-28T00:00:00Z,28,10,2015,2225776,2225776,HUMAN_OBSERVATION,INBO,NA,NA,NA,Jan Breine,NA,CC0_1_0,INBO,Jan Breine,NA,NA,2018-12-09T23:15:39Z,NA,NA
1426013587,702973cf-6935-45bf-ba31-cecee3571cf9,INBO:VIS:Occ:00796666,Animalia,Arthropoda,Malacostraca,Decapoda,Pseudothelphusidae,Eriocheir,Eriocheir sinensis,NA,SPECIES,"Eriocheir sinensis H.Milne Edwards, 1853",BE,NA,1cd669d0-80ea-11de-a9d0-f1765f95f18b,51.04837,4.06934,250,NA,NA,NA,NA,NA,2015-10-27T00:00:00Z,27,10,2015,2225776,2225776,HUMAN_OBSERVATION,INBO,NA,NA,NA,Jan Breine,NA,CC0_1_0,INBO,Jan Breine,NA,NA,2018-12-09T23:15:39Z,NA,NA
1426012584,702973cf-6935-45bf-ba31-cecee3571cf9,INBO:VIS:Occ:00790756,Animalia,Arthropoda,Malacostraca,Decapoda,Pseudothelphusidae,Eriocheir,Eriocheir sinensis,NA,SPECIES,"Eriocheir sinensis H.Milne Edwards, 1853",BE,NA,1cd669d0-80ea-11de-a9d0-f1765f95f18b,51.08566,4.17177,250,NA,NA,NA,NA,NA,2015-09-07T00:00:00Z,7,9,2015,2225776,2225776,HUMAN_OBSERVATION,INBO,NA,NA,NA,Jan Breine,NA,CC0_1_0,INBO,Jan Breine,NA,NA,2018-12-09T23:15:39Z,NA,NA
1426012571,702973cf-6935-45bf-ba31-cecee3571cf9,INBO:VIS:Occ:00790751,Animalia,Arthropoda,Malacostraca,Decapoda,Pseudothelphusidae,Eriocheir,Eriocheir sinensis,NA,SPECIES,"Eriocheir sinensis H.Milne Edwards, 1853",BE,NA,1cd669d0-80ea-11de-a9d0-f1765f95f18b,51.08566,4.17177,250,NA,NA,NA,NA,NA,2015-09-08T00:00:00Z,8,9,2015,2225776,2225776,HUMAN_OBSERVATION,INBO,NA,NA,NA,Jan Breine,NA,CC0_1_0,INBO,Jan Breine,NA,NA,2018-12-09T23:15:39Z,NA,NA
1426012473,702973cf-6935-45bf-ba31-cecee3571cf9,INBO:VIS:Occ:00790627,Animalia,Arthropoda,Malacostraca,Decapoda,Pseudothelphusidae,Eriocheir,Eriocheir sinensis,NA,SPECIES,"Eriocheir sinensis H.Milne Edwards, 1853",BE,NA,1cd669d0-80ea-11de-a9d0-f1765f95f18b,51.08566,4.17177,250,NA,NA,NA,NA,NA,2015-09-08T00:00:00Z,8,9,2015,2225776,2225776,HUMAN_OBSERVATION,INBO,NA,NA,NA,Jan Breine,NA,CC0_1_0,INBO,Jan Breine,NA,NA,2018-12-09T23:15:39Z,NA,NA
1426012465,702973cf-6935-45bf-ba31-cecee3571cf9,INBO:VIS:Occ:00790630,Animalia,Arthropoda,Malacostraca,Decapoda,Pseudothelphusidae,Eriocheir,Eriocheir sinensis,NA,SPECIES,"Eriocheir sinensis H.Milne Edwards, 1853",BE,NA,1cd669d0-80ea-11de-a9d0-f1765f95f18b,51.08566,4.17177,250,NA,NA,NA,NA,NA,2015-09-08T00:00:00Z,8,9,2015,2225776,2225776,HUMAN_OBSERVATION,INBO,NA,NA,NA,Jan Breine,NA,CC0_1_0,INBO,Jan Breine,NA,NA,2018-12-09T23:15:39Z,NA,NA
1426012450,702973cf-6935-45bf-ba31-cecee3571cf9,INBO:VIS:Occ:00790601,Animalia,Arthropoda,Malacostraca,Decapoda,Pseudothelphusidae,Eriocheir,Eriocheir sinensis,NA,SPECIES,"Eriocheir sinensis H.Milne Edwards, 1853",BE,NA,1cd669d0-80ea-11de-a9d0-f1765f95f18b,51.08566,4.17177,250,NA,NA,NA,NA,NA,2015-11-12T00:00:00Z,12,11,2015,2225776,2225776,HUMAN_OBSERVATION,INBO,NA,NA,NA,Jan Breine,NA,CC0_1_0,INBO,Jan Breine,NA,NA,2018-12-09T23:15:39Z,NA,NA
1426012407,702973cf-6935-45bf-ba31-cecee3571cf9,INBO:VIS:Occ:00794547,Animalia,Arthropoda,Malacostraca,Decapoda,Pseudothelphusidae,Eriocheir,Eriocheir sinensis,NA,SPECIES,"Eriocheir sinensis H.Milne Edwards, 1853",BE,NA,1cd669d0-80ea-11de-a9d0-f1765f95f18b,51.11526,4.24697,250,NA,NA,NA,NA,NA,2015-09-11T00:00:00Z,11,9,2015,2225776,2225776,HUMAN_OBSERVATION,INBO,NA,NA,NA,Jan Breine,NA,CC0_1_0,INBO,Jan Breine,NA,NA,2018-12-09T23:15:39Z,NA,NA
1426012382,702973cf-6935-45bf-ba31-cecee3571cf9,INBO:VIS:Occ:00794478,Animalia,Arthropoda,Malacostraca,Decapoda,Pseudothelphusidae,Eriocheir,Eriocheir sinensis,NA,SPECIES,"Eriocheir sinensis H.Milne Edwards, 1853",BE,NA,1cd669d0-80ea-11de-a9d0-f1765f95f18b,51.11526,4.24697,250,NA,NA,NA,NA,NA,2015-09-10T00:00:00Z,10,9,2015,2225776,2225776,HUMAN_OBSERVATION,INBO,NA,NA,NA,Jan Breine,NA,CC0_1_0,INBO,Jan Breine,NA,NA,2018-12-09T23:15:39Z,NA,NA
1426012323,702973cf-6935-45bf-ba31-cecee3571cf9,INBO:VIS:Occ:00796665,Animalia,Arthropoda,Malacostraca,Decapoda,Pseudothelphusidae,Eriocheir,Eriocheir sinensis,NA,SPECIES,"Eriocheir sinensis H.Milne Edwards, 1853",BE,NA,1cd669d0-80ea-11de-a9d0-f1765f95f18b,51.20551,4.37093,250,NA,NA,NA,NA,NA,2015-09-11T00:00:00Z,11,9,2015,2225776,2225776,HUMAN_OBSERVATION,INBO,NA,NA,NA,Jan Breine,NA,CC0_1_0,INBO,Jan Breine,NA,NA,2018-12-09T23:15:39Z,NA,NA
1426011885,702973cf-6935-45bf-ba31-cecee3571cf9,INBO:VIS:Occ:00793877,Animalia,Arthropoda,Malacostraca,Decapoda,Pseudothelphusidae,Eriocheir,Eriocheir sinensis,NA,SPECIES,"Eriocheir sinensis H.Milne Edwards, 1853",BE,NA,1cd669d0-80ea-11de-a9d0-f1765f95f18b,51.20551,4.37093,250,NA,NA,NA,NA,NA,2015-09-10T00:00:00Z,10,9,2015,2225776,2225776,HUMAN_OBSERVATION,INBO,NA,NA,NA,Jan Breine,NA,CC0_1_0,INBO,Jan Breine,NA,NA,2018-12-09T23:15:39Z,NA,NA
1426011598,702973cf-6935-45bf-ba31-cecee3571cf9,INBO:VIS:Occ:00793136,Animalia,Arthropoda,Malacostraca,Decapoda,Pseudothelphusidae,Eriocheir,Eriocheir sinensis,NA,SPECIES,"Eriocheir sinensis H.Milne Edwards, 1853",BE,NA,1cd669d0-80ea-11de-a9d0-f1765f95f18b,51.34116,4.26661,250,NA,NA,NA,NA,NA,2015-10-13T00:00:00Z,13,10,2015,2225776,2225776,HUMAN_OBSERVATION,INBO,NA,NA,NA,Jan Breine,NA,CC0_1_0,INBO,Jan Breine,NA,NA,2018-12-09T23:15:39Z,NA,NA
1426011597,702973cf-6935-45bf-ba31-cecee3571cf9,INBO:VIS:Occ:00793441,Animalia,Arthropoda,Malacostraca,Decapoda,Pseudothelphusidae,Eriocheir,Eriocheir sinensis,NA,SPECIES,"Eriocheir sinensis H.Milne Edwards, 1853",BE,NA,1cd669d0-80ea-11de-a9d0-f1765f95f18b,51.34116,4.26661,250,NA,NA,NA,NA,NA,2015-10-14T00:00:00Z,14,10,2015,2225776,2225776,HUMAN_OBSERVATION,INBO,NA,NA,NA,Jan Breine,NA,CC0_1_0,INBO,Jan Breine,NA,NA,2018-12-09T23:15:39Z,NA,NA
1426010876,702973cf-6935-45bf-ba31-cecee3571cf9,INBO:VIS:Occ:00794708,Animalia,Arthropoda,Malacostraca,Decapoda,Pseudothelphusidae,Eriocheir,Eriocheir sinensis,NA,SPECIES,"Eriocheir sinensis H.Milne Edwards, 1853",BE,NA,1cd669d0-80ea-11de-a9d0-f1765f95f18b,51.11896,4.26525,250,NA,NA,NA,NA,NA,2015-11-10T00:00:00Z,10,11,2015,2225776,2225776,HUMAN_OBSERVATION,INBO,NA,NA,NA,Jan Breine,NA,CC0_1_0,INBO,Jan Breine,NA,NA,2018-12-09T23:15:38Z,NA,NA
1426010823,702973cf-6935-45bf-ba31-cecee3571cf9,INBO:VIS:Occ:00794683,Animalia,Arthropoda,Malacostraca,Decapoda,Pseudothelphusidae,Eriocheir,Eriocheir sinensis,NA,SPECIES,"Eriocheir sinensis H.Milne Edwards, 1853",BE,NA,1cd669d0-80ea-11de-a9d0-f1765f95f18b,51.11627,4.25696,250,NA,NA,NA,NA,NA,2015-11-10T00:00:00Z,10,11,2015,2225776,2225776,HUMAN_OBSERVATION,INBO,NA,NA,NA,Jan Breine,NA,CC0_1_0,INBO,Jan Breine,NA,NA,2018-12-09T23:15:38Z,NA,NA
1426010798,702973cf-6935-45bf-ba31-cecee3571cf9,INBO:VIS:Occ:00794648,Animalia,Arthropoda,Malacostraca,Decapoda,Pseudothelphusidae,Eriocheir,Eriocheir sinensis,NA,SPECIES,"Eriocheir sinensis H.Milne Edwards, 1853",BE,NA,1cd669d0-80ea-11de-a9d0-f1765f95f18b,51.12342,4.28004,250,NA,NA,NA,NA,NA,2015-11-10T00:00:00Z,10,11,2015,2225776,2225776,HUMAN_OBSERVATION,INBO,NA,NA,NA,Jan Breine,NA,CC0_1_0,INBO,Jan Breine,NA,NA,2018-12-09T23:15:38Z,NA,NA
1426010792,702973cf-6935-45bf-ba31-cecee3571cf9,INBO:VIS:Occ:00794649,Animalia,Arthropoda,Malacostraca,Decapoda,Pseudothelphusidae,Eriocheir,Eriocheir sinensis,NA,SPECIES,"Eriocheir sinensis H.Milne Edwards, 1853",BE,NA,1cd669d0-80ea-11de-a9d0-f1765f95f18b,51.12088,4.26938,250,NA,NA,NA,NA,NA,2015-11-10T00:00:00Z,10,11,2015,2225776,2225776,HUMAN_OBSERVATION,INBO,NA,NA,NA,Jan Breine,NA,CC0_1_0,INBO,Jan Breine,NA,NA,2018-12-09T23:15:38Z,NA,NA
1426010130,702973cf-6935-45bf-ba31-cecee3571cf9,INBO:VIS:Occ:00789786,Animalia,Arthropoda,Malacostraca,Decapoda,Pseudothelphusidae,Eriocheir,Eriocheir sinensis,NA,SPECIES,"Eriocheir sinensis H.Milne Edwards, 1853",BE,NA,1cd669d0-80ea-11de-a9d0-f1765f95f18b,51.01906,3.97005,250,NA,NA,NA,NA,NA,2015-08-11T00:00:00Z,11,8,2015,2225776,2225776,HUMAN_OBSERVATION,INBO,NA,NA,NA,Jan Breine,NA,CC0_1_0,INBO,Jan Breine,NA,NA,2018-12-09T23:15:38Z,NA,NA
1426009785,702973cf-6935-45bf-ba31-cecee3571cf9,INBO:VIS:Occ:00789337,Animalia,Arthropoda,Malacostraca,Decapoda,Pseudothelphusidae,Eriocheir,Eriocheir sinensis,NA,SPECIES,"Eriocheir sinensis H.Milne Edwards, 1853",BE,NA,1cd669d0-80ea-11de-a9d0-f1765f95f18b,51.01906,3.97005,250,NA,NA,NA,NA,NA,2015-08-12T00:00:00Z,12,8,2015,2225776,2225776,HUMAN_OBSERVATION,INBO,NA,NA,NA,Jan Breine,NA,CC0_1_0,INBO,Jan Breine,NA,NA,2018-12-09T23:15:38Z,NA,NA
1426009778,702973cf-6935-45bf-ba31-cecee3571cf9,INBO:VIS:Occ:00789338,Animalia,Arthropoda,Malacostraca,Decapoda,Pseudothelphusidae,Eriocheir,Eriocheir sinensis,NA,SPECIES,"Eriocheir sinensis H.Milne Edwards, 1853",BE,NA,1cd669d0-80ea-11de-a9d0-f1765f95f18b,51.01906,3.97005,250,NA,NA,NA,NA,NA,2015-08-12T00:00:00Z,12,8,2015,2225776,2225776,HUMAN_OBSERVATION,INBO,NA,NA,NA,Jan Breine,NA,CC0_1_0,INBO,Jan Breine,NA,NA,2018-12-09T23:15:38Z,NA,NA
1426009311,702973cf-6935-45bf-ba31-cecee3571cf9,INBO:VIS:Occ:00792065,Animalia,Arthropoda,Malacostraca,Decapoda,Pseudothelphusidae,Eriocheir,Eriocheir sinensis,NA,SPECIES,"Eriocheir sinensis H.Milne Edwards, 1853",BE,NA,1cd669d0-80ea-11de-a9d0-f1765f95f18b,51.36538,4.22323,250,NA,NA,NA,NA,NA,2015-08-14T00:00:00Z,14,8,2015,2225776,2225776,HUMAN_OBSERVATION,INBO,NA,NA,NA,Jan Breine,NA,CC0_1_0,INBO,Jan Breine,NA,NA,2018-12-09T23:15:38Z,NA,NA
1426009021,702973cf-6935-45bf-ba31-cecee3571cf9,INBO:VIS:Occ:00785957,Animalia,Arthropoda,Malacostraca,Decapoda,Pseudothelphusidae,Eriocheir,Eriocheir sinensis,NA,SPECIES,"Eriocheir sinensis H.Milne Edwards, 1853",BE,NA,1cd669d0-80ea-11de-a9d0-f1765f95f18b,51.36538,4.22323,250,NA,NA,NA,NA,NA,2015-08-13T00:00:00Z,13,8,2015,2225776,2225776,HUMAN_OBSERVATION,INBO,NA,NA,NA,Jan Breine,NA,CC0_1_0,INBO,Jan Breine,NA,NA,2018-12-09T23:15:38Z,NA,NA
1426008627,702973cf-6935-45bf-ba31-cecee3571cf9,INBO:VIS:Occ:00784470,Animalia,Arthropoda,Malacostraca,Decapoda,Pseudothelphusidae,Eriocheir,Eriocheir sinensis,NA,SPECIES,"Eriocheir sinensis H.Milne Edwards, 1853",BE,NA,1cd669d0-80ea-11de-a9d0-f1765f95f18b,51.20551,4.37093,250,NA,NA,NA,NA,NA,2015-07-15T00:00:00Z,15,7,2015,2225776,2225776,HUMAN_OBSERVATION,INBO,NA,NA,NA,Jan Breine,NA,CC0_1_0,INBO,Jan Breine,NA,NA,2018-12-09T23:15:37Z,NA,NA
1426008003,702973cf-6935-45bf-ba31-cecee3571cf9,INBO:VIS:Occ:00783818,Animalia,Arthropoda,Malacostraca,Decapoda,Pseudothelphusidae,Eriocheir,Eriocheir sinensis,NA,SPECIES,"Eriocheir sinensis H.Milne Edwards, 1853",BE,NA,1cd669d0-80ea-11de-a9d0-f1765f95f18b,51.20551,4.37093,250,NA,NA,NA,NA,NA,2015-07-14T00:00:00Z,14,7,2015,2225776,2225776,HUMAN_OBSERVATION,INBO,NA,NA,NA,Jan Breine,NA,CC0_1_0,INBO,Jan Breine,NA,NA,2018-12-09T23:15:37Z,NA,NA
1426007983,702973cf-6935-45bf-ba31-cecee3571cf9,INBO:VIS:Occ:00783814,Animalia,Arthropoda,Malacostraca,Decapoda,Pseudothelphusidae,Eriocheir,Eriocheir sinensis,NA,SPECIES,"Eriocheir sinensis H.Milne Edwards, 1853",BE,NA,1cd669d0-80ea-11de-a9d0-f1765f95f18b,51.11526,4.24697,250,NA,NA,NA,NA,NA,2015-07-15T00:00:00Z,15,7,2015,2225776,2225776,HUMAN_OBSERVATION,INBO,NA,NA,NA,Jan Breine,NA,CC0_1_0,INBO,Jan Breine,NA,NA,2018-12-09T23:15:37Z,NA,NA
1426007598,702973cf-6935-45bf-ba31-cecee3571cf9,INBO:VIS:Occ:00783365,Animalia,Arthropoda,Malacostraca,Decapoda,Pseudothelphusidae,Eriocheir,Eriocheir sinensis,NA,SPECIES,"Eriocheir sinensis H.Milne Edwards, 1853",BE,NA,1cd669d0-80ea-11de-a9d0-f1765f95f18b,51.11526,4.24697,250,NA,NA,NA,NA,NA,2015-07-14T00:00:00Z,14,7,2015,2225776,2225776,HUMAN_OBSERVATION,INBO,NA,NA,NA,Jan Breine,NA,CC0_1_0,INBO,Jan Breine,NA,NA,2018-12-09T23:15:37Z,NA,NA
1426007530,702973cf-6935-45bf-ba31-cecee3571cf9,INBO:VIS:Occ:00783255,Animalia,Arthropoda,Malacostraca,Decapoda,Pseudothelphusidae,Eriocheir,Eriocheir sinensis,NA,SPECIES,"Eriocheir sinensis H.Milne Edwards, 1853",BE,NA,1cd669d0-80ea-11de-a9d0-f1765f95f18b,51.00327,3.86759,250,NA,NA,NA,NA,NA,2015-07-30T00:00:00Z,30,7,2015,2225776,2225776,HUMAN_OBSERVATION,INBO,NA,NA,NA,Jan Breine,NA,CC0_1_0,INBO,Jan Breine,NA,NA,2018-12-09T23:15:37Z,NA,NA
1426007411,702973cf-6935-45bf-ba31-cecee3571cf9,INBO:VIS:Occ:00783188,Animalia,Arthropoda,Malacostraca,Decapoda,Pseudothelphusidae,Eriocheir,Eriocheir sinensis,NA,SPECIES,"Eriocheir sinensis H.Milne Edwards, 1853",BE,NA,1cd669d0-80ea-11de-a9d0-f1765f95f18b,51.00327,3.86759,250,NA,NA,NA,NA,NA,2015-07-29T00:00:00Z,29,7,2015,2225776,2225776,HUMAN_OBSERVATION,INBO,NA,NA,NA,Jan Breine,NA,CC0_1_0,INBO,Jan Breine,NA,NA,2018-12-09T23:15:37Z,NA,NA
1426007321,702973cf-6935-45bf-ba31-cecee3571cf9,INBO:VIS:Occ:00783049,Animalia,Arthropoda,Malacostraca,Decapoda,Pseudothelphusidae,Eriocheir,Eriocheir sinensis,NA,SPECIES,"Eriocheir sinensis H.Milne Edwards, 1853",BE,NA,1cd669d0-80ea-11de-a9d0-f1765f95f18b,51.04837,4.06934,250,NA,NA,NA,NA,NA,2015-07-29T00:00:00Z,29,7,2015,2225776,2225776,HUMAN_OBSERVATION,INBO,NA,NA,NA,Jan Breine,NA,CC0_1_0,INBO,Jan Breine,NA,NA,2018-12-09T23:15:37Z,NA,NA
1426007008,702973cf-6935-45bf-ba31-cecee3571cf9,INBO:VIS:Occ:00782830,Animalia,Arthropoda,Malacostraca,Decapoda,Pseudothelphusidae,Eriocheir,Eriocheir sinensis,NA,SPECIES,"Eriocheir sinensis H.Milne Edwards, 1853",BE,NA,1cd669d0-80ea-11de-a9d0-f1765f95f18b,51.0505,4.19334,250,NA,NA,NA,NA,NA,2015-07-30T00:00:00Z,30,7,2015,2225776,2225776,HUMAN_OBSERVATION,INBO,NA,NA,NA,Jan Breine,NA,CC0_1_0,INBO,Jan Breine,NA,NA,2018-12-09T23:15:37Z,NA,NA
1426006926,702973cf-6935-45bf-ba31-cecee3571cf9,INBO:VIS:Occ:00782705,Animalia,Arthropoda,Malacostraca,Decapoda,Pseudothelphusidae,Eriocheir,Eriocheir sinensis,NA,SPECIES,"Eriocheir sinensis H.Milne Edwards, 1853",BE,NA,1cd669d0-80ea-11de-a9d0-f1765f95f18b,51.0505,4.19334,250,NA,NA,NA,NA,NA,2015-07-29T00:00:00Z,29,7,2015,2225776,2225776,HUMAN_OBSERVATION,INBO,NA,NA,NA,Jan Breine,NA,CC0_1_0,INBO,Jan Breine,NA,NA,2018-12-09T23:15:37Z,NA,NA
1426006734,702973cf-6935-45bf-ba31-cecee3571cf9,INBO:VIS:Occ:00774421,Animalia,Arthropoda,Malacostraca,Decapoda,Pseudothelphusidae,Eriocheir,Eriocheir sinensis,NA,SPECIES,"Eriocheir sinensis H.Milne Edwards, 1853",BE,NA,1cd669d0-80ea-11de-a9d0-f1765f95f18b,51.08566,4.17177,250,NA,NA,NA,NA,NA,2015-06-02T00:00:00Z,2,6,2015,2225776,2225776,HUMAN_OBSERVATION,INBO,NA,NA,NA,Jan Breine,NA,CC0_1_0,INBO,Jan Breine,NA,NA,2018-12-09T23:15:37Z,NA,NA
1426006723,702973cf-6935-45bf-ba31-cecee3571cf9,INBO:VIS:Occ:00774395,Animalia,Arthropoda,Malacostraca,Decapoda,Pseudothelphusidae,Eriocheir,Eriocheir sinensis,NA,SPECIES,"Eriocheir sinensis H.Milne Edwards, 1853",BE,NA,1cd669d0-80ea-11de-a9d0-f1765f95f18b,51.08566,4.17177,250,NA,NA,NA,NA,NA,2015-06-02T00:00:00Z,2,6,2015,2225776,2225776,HUMAN_OBSERVATION,INBO,NA,NA,NA,Jan Breine,NA,CC0_1_0,INBO,Jan Breine,NA,NA,2018-12-09T23:15:37Z,NA,NA
1426006712,702973cf-6935-45bf-ba31-cecee3571cf9,INBO:VIS:Occ:00774396,Animalia,Arthropoda,Malacostraca,Decapoda,Pseudothelphusidae,Eriocheir,Eriocheir sinensis,NA,SPECIES,"Eriocheir sinensis H.Milne Edwards, 1853",BE,NA,1cd669d0-80ea-11de-a9d0-f1765f95f18b,51.08566,4.17177,250,NA,NA,NA,NA,NA,2015-06-02T00:00:00Z,2,6,2015,2225776,2225776,HUMAN_OBSERVATION,INBO,NA,NA,NA,Jan Breine,NA,CC0_1_0,INBO,Jan Breine,NA,NA,2018-12-09T23:15:37Z,NA,NA
1426006502,702973cf-6935-45bf-ba31-cecee3571cf9,INBO:VIS:Occ:00774199,Animalia,Arthropoda,Malacostraca,Decapoda,Pseudothelphusidae,Eriocheir,Eriocheir sinensis,NA,SPECIES,"Eriocheir sinensis H.Milne Edwards, 1853",BE,NA,1cd669d0-80ea-11de-a9d0-f1765f95f18b,51.08566,4.17177,250,NA,NA,NA,NA,NA,2015-06-02T00:00:00Z,2,6,2015,2225776,2225776,HUMAN_OBSERVATION,INBO,NA,NA,NA,Jan Breine,NA,CC0_1_0,INBO,Jan Breine,NA,NA,2018-12-09T23:15:37Z,NA,NA
1426006102,702973cf-6935-45bf-ba31-cecee3571cf9,INBO:VIS:Occ:00772845,Animalia,Arthropoda,Malacostraca,Decapoda,Pseudothelphusidae,Eriocheir,Eriocheir sinensis,NA,SPECIES,"Eriocheir sinensis H.Milne Edwards, 1853",BE,NA,1cd669d0-80ea-11de-a9d0-f1765f95f18b,51.14922,4.32628,250,NA,NA,NA,NA,NA,2015-03-03T00:00:00Z,3,3,2015,2225776,2225776,HUMAN_OBSERVATION,INBO,NA,NA,NA,Jan Breine,NA,CC0_1_0,INBO,Jan Breine,NA,NA,2018-12-09T23:15:37Z,NA,NA
1426006070,702973cf-6935-45bf-ba31-cecee3571cf9,INBO:VIS:Occ:00771882,Animalia,Arthropoda,Malacostraca,Decapoda,Pseudothelphusidae,Eriocheir,Eriocheir sinensis,NA,SPECIES,"Eriocheir sinensis H.Milne Edwards, 1853",BE,NA,1cd669d0-80ea-11de-a9d0-f1765f95f18b,51.08566,4.17177,250,NA,NA,NA,NA,NA,2015-03-03T00:00:00Z,3,3,2015,2225776,2225776,HUMAN_OBSERVATION,INBO,NA,NA,NA,Jan Breine,NA,CC0_1_0,INBO,Jan Breine,NA,NA,2018-12-09T23:15:37Z,NA,NA
1426006048,702973cf-6935-45bf-ba31-cecee3571cf9,INBO:VIS:Occ:00771910,Animalia,Arthropoda,Malacostraca,Decapoda,Pseudothelphusidae,Eriocheir,Eriocheir sinensis,NA,SPECIES,"Eriocheir sinensis H.Milne Edwards, 1853",BE,NA,1cd669d0-80ea-11de-a9d0-f1765f95f18b,51.15277,4.32561,250,NA,NA,NA,NA,NA,2015-03-03T00:00:00Z,3,3,2015,2225776,2225776,HUMAN_OBSERVATION,INBO,NA,NA,NA,Jan Breine,NA,CC0_1_0,INBO,Jan Breine,NA,NA,2018-12-09T23:15:37Z,NA,NA
1426005830,702973cf-6935-45bf-ba31-cecee3571cf9,INBO:VIS:Occ:00771948,Animalia,Arthropoda,Malacostraca,Decapoda,Pseudothelphusidae,Eriocheir,Eriocheir sinensis,NA,SPECIES,"Eriocheir sinensis H.Milne Edwards, 1853",BE,NA,1cd669d0-80ea-11de-a9d0-f1765f95f18b,51.11896,4.26525,250,NA,NA,NA,NA,NA,2015-04-17T00:00:00Z,17,4,2015,2225776,2225776,HUMAN_OBSERVATION,INBO,NA,NA,NA,Jan Breine,NA,CC0_1_0,INBO,Jan Breine,NA,NA,2018-12-09T23:15:37Z,NA,NA
1426005192,702973cf-6935-45bf-ba31-cecee3571cf9,INBO:VIS:Occ:00765284,Animalia,Arthropoda,Malacostraca,Decapoda,Pseudothelphusidae,Eriocheir,Eriocheir sinensis,NA,SPECIES,"Eriocheir sinensis H.Milne Edwards, 1853",BE,NA,1cd669d0-80ea-11de-a9d0-f1765f95f18b,51.00327,3.86759,250,NA,NA,NA,NA,NA,2015-04-02T00:00:00Z,2,4,2015,2225776,2225776,HUMAN_OBSERVATION,INBO,NA,NA,NA,Jan Breine,NA,CC0_1_0,INBO,Jan Breine,NA,NA,2018-12-09T23:15:36Z,NA,NA
1426005170,702973cf-6935-45bf-ba31-cecee3571cf9,INBO:VIS:Occ:00765255,Animalia,Arthropoda,Malacostraca,Decapoda,Pseudothelphusidae,Eriocheir,Eriocheir sinensis,NA,SPECIES,"Eriocheir sinensis H.Milne Edwards, 1853",BE,NA,1cd669d0-80ea-11de-a9d0-f1765f95f18b,51.00327,3.86759,250,NA,NA,NA,NA,NA,2015-04-01T00:00:00Z,1,4,2015,2225776,2225776,HUMAN_OBSERVATION,INBO,NA,NA,NA,Jan Breine,NA,CC0_1_0,INBO,Jan Breine,NA,NA,2018-12-09T23:15:36Z,NA,NA
1426005163,702973cf-6935-45bf-ba31-cecee3571cf9,INBO:VIS:Occ:00765237,Animalia,Arthropoda,Malacostraca,Decapoda,Pseudothelphusidae,Eriocheir,Eriocheir sinensis,NA,SPECIES,"Eriocheir sinensis H.Milne Edwards, 1853",BE,NA,1cd669d0-80ea-11de-a9d0-f1765f95f18b,51.04837,4.06934,250,NA,NA,NA,NA,NA,2015-04-02T00:00:00Z,2,4,2015,2225776,2225776,HUMAN_OBSERVATION,INBO,NA,NA,NA,Jan Breine,NA,CC0_1_0,INBO,Jan Breine,NA,NA,2018-12-09T23:15:36Z,NA,NA
1426005144,702973cf-6935-45bf-ba31-cecee3571cf9,INBO:VIS:Occ:00765203,Animalia,Arthropoda,Malacostraca,Decapoda,Pseudothelphusidae,Eriocheir,Eriocheir sinensis,NA,SPECIES,"Eriocheir sinensis H.Milne Edwards, 1853",BE,NA,1cd669d0-80ea-11de-a9d0-f1765f95f18b,51.0505,4.19334,250,NA,NA,NA,NA,NA,2015-04-01T00:00:00Z,1,4,2015,2225776,2225776,HUMAN_OBSERVATION,INBO,NA,NA,NA,Jan Breine,NA,CC0_1_0,INBO,Jan Breine,NA,NA,2018-12-09T23:15:36Z,NA,NA
1426005142,702973cf-6935-45bf-ba31-cecee3571cf9,INBO:VIS:Occ:00765236,Animalia,Arthropoda,Malacostraca,Decapoda,Pseudothelphusidae,Eriocheir,Eriocheir sinensis,NA,SPECIES,"Eriocheir sinensis H.Milne Edwards, 1853",BE,NA,1cd669d0-80ea-11de-a9d0-f1765f95f18b,51.04837,4.06934,250,NA,NA,NA,NA,NA,2015-04-01T00:00:00Z,1,4,2015,2225776,2225776,HUMAN_OBSERVATION,INBO,NA,NA,NA,Jan Breine,NA,CC0_1_0,INBO,Jan Breine,NA,NA,2018-12-09T23:15:36Z,NA,NA
1426005103,702973cf-6935-45bf-ba31-cecee3571cf9,INBO:VIS:Occ:00765214,Animalia,Arthropoda,Malacostraca,Decapoda,Pseudothelphusidae,Eriocheir,Eriocheir sinensis,NA,SPECIES,"Eriocheir sinensis H.Milne Edwards, 1853",BE,NA,1cd669d0-80ea-11de-a9d0-f1765f95f18b,51.0505,4.19334,250,NA,NA,NA,NA,NA,2015-04-02T00:00:00Z,2,4,2015,2225776,2225776,HUMAN_OBSERVATION,INBO,NA,NA,NA,Jan Breine,NA,CC0_1_0,INBO,Jan Breine,NA,NA,2018-12-09T23:15:36Z,NA,NA
1426005064,702973cf-6935-45bf-ba31-cecee3571cf9,INBO:VIS:Occ:00763216,Animalia,Arthropoda,Malacostraca,Decapoda,Pseudothelphusidae,Eriocheir,Eriocheir sinensis,NA,SPECIES,"Eriocheir sinensis H.Milne Edwards, 1853",BE,NA,1cd669d0-80ea-11de-a9d0-f1765f95f18b,51.11526,4.24697,250,NA,NA,NA,NA,NA,2015-03-20T00:00:00Z,20,3,2015,2225776,2225776,HUMAN_OBSERVATION,INBO,NA,NA,NA,Jan Breine,NA,CC0_1_0,INBO,Jan Breine,NA,NA,2018-12-09T23:15:36Z,NA,NA
1426004995,702973cf-6935-45bf-ba31-cecee3571cf9,INBO:VIS:Occ:00763141,Animalia,Arthropoda,Malacostraca,Decapoda,Pseudothelphusidae,Eriocheir,Eriocheir sinensis,NA,SPECIES,"Eriocheir sinensis H.Milne Edwards, 1853",BE,NA,1cd669d0-80ea-11de-a9d0-f1765f95f18b,51.11526,4.24697,250,NA,NA,NA,NA,NA,2015-03-19T00:00:00Z,19,3,2015,2225776,2225776,HUMAN_OBSERVATION,INBO,NA,NA,NA,Jan Breine,NA,CC0_1_0,INBO,Jan Breine,NA,NA,2018-12-09T23:15:36Z,NA,NA
1426004984,702973cf-6935-45bf-ba31-cecee3571cf9,INBO:VIS:Occ:00763142,Animalia,Arthropoda,Malacostraca,Decapoda,Pseudothelphusidae,Eriocheir,Eriocheir sinensis,NA,SPECIES,"Eriocheir sinensis H.Milne Edwards, 1853",BE,NA,1cd669d0-80ea-11de-a9d0-f1765f95f18b,51.11526,4.24697,250,NA,NA,NA,NA,NA,2015-03-19T00:00:00Z,19,3,2015,2225776,2225776,HUMAN_OBSERVATION,INBO,NA,NA,NA,Jan Breine,NA,CC0_1_0,INBO,Jan Breine,NA,NA,2018-12-09T23:15:36Z,NA,NA
1426004871,702973cf-6935-45bf-ba31-cecee3571cf9,INBO:VIS:Occ:00762991,Animalia,Arthropoda,Malacostraca,Decapoda,Pseudothelphusidae,Eriocheir,Eriocheir sinensis,NA,SPECIES,"Eriocheir sinensis H.Milne Edwards, 1853",BE,NA,1cd669d0-80ea-11de-a9d0-f1765f95f18b,51.20551,4.37093,250,NA,NA,NA,NA,NA,2015-03-20T00:00:00Z,20,3,2015,2225776,2225776,HUMAN_OBSERVATION,INBO,NA,NA,NA,Jan Breine,NA,CC0_1_0,INBO,Jan Breine,NA,NA,2018-12-09T23:15:36Z,NA,NA
1426004848,702973cf-6935-45bf-ba31-cecee3571cf9,INBO:VIS:Occ:00762989,Animalia,Arthropoda,Malacostraca,Decapoda,Pseudothelphusidae,Eriocheir,Eriocheir sinensis,NA,SPECIES,"Eriocheir sinensis H.Milne Edwards, 1853",BE,NA,1cd669d0-80ea-11de-a9d0-f1765f95f18b,51.20551,4.37093,250,NA,NA,NA,NA,NA,2015-03-19T00:00:00Z,19,3,2015,2225776,2225776,HUMAN_OBSERVATION,INBO,NA,NA,NA,Jan Breine,NA,CC0_1_0,INBO,Jan Breine,NA,NA,2018-12-09T23:15:36Z,NA,NA
1426004378,702973cf-6935-45bf-ba31-cecee3571cf9,INBO:VIS:Occ:00762513,Animalia,Arthropoda,Malacostraca,Decapoda,Pseudothelphusidae,Eriocheir,Eriocheir sinensis,NA,SPECIES,"Eriocheir sinensis H.Milne Edwards, 1853",BE,NA,1cd669d0-80ea-11de-a9d0-f1765f95f18b,51.36538,4.22323,250,NA,NA,NA,NA,NA,2015-03-25T00:00:00Z,25,3,2015,2225776,2225776,HUMAN_OBSERVATION,INBO,NA,NA,NA,Jan Breine,NA,CC0_1_0,INBO,Jan Breine,NA,NA,2018-12-09T23:15:36Z,NA,NA
1417501884,823dc56e-f987-495c-98bf-43318719e30f,INBO:VIS:00797263,Animalia,Arthropoda,Malacostraca,Decapoda,Pseudothelphusidae,Eriocheir,Eriocheir sinensis,NA,SPECIES,"Eriocheir sinensis H.Milne Edwards, 1853",BE,NA,1cd669d0-80ea-11de-a9d0-f1765f95f18b,51.09784,5.80504,250,NA,NA,NA,NA,NA,2015-09-16T00:00:00Z,16,9,2015,2225776,2225776,HUMAN_OBSERVATION,INBO,NA,NA,NA,Gerlinde Van Thuyne,NA,CC0_1_0,INBO,Gerlinde Van Thuyne,NA,NA,2018-12-08T11:18:54Z,NA,NA
1234309163,258c9ce5-1bda-4001-a192-347c9e7fb186,INBO:VIS:00793136,Animalia,Arthropoda,Malacostraca,Decapoda,Pseudothelphusidae,Eriocheir,Eriocheir sinensis,NA,SPECIES,"Eriocheir sinensis H.Milne Edwards, 1853",BE,NA,1cd669d0-80ea-11de-a9d0-f1765f95f18b,51.34116,4.26661,250,NA,NA,NA,NA,NA,2015-10-13T00:00:00Z,13,10,2015,2225776,2225776,HUMAN_OBSERVATION,INBO,NA,NA,NA,Jan Breine,NA,CC0_1_0,INBO,Jan Breine,NA,NA,2018-12-25T15:49:19Z,NA,REFERENCES_URI_INVALID
1234309162,258c9ce5-1bda-4001-a192-347c9e7fb186,INBO:VIS:00796904,Animalia,Arthropoda,Malacostraca,Decapoda,Pseudothelphusidae,Eriocheir,Eriocheir sinensis,NA,SPECIES,"Eriocheir sinensis H.Milne Edwards, 1853",BE,NA,1cd669d0-80ea-11de-a9d0-f1765f95f18b,51.00327,3.86759,250,NA,NA,NA,NA,NA,2015-10-27T00:00:00Z,27,10,2015,2225776,2225776,HUMAN_OBSERVATION,INBO,NA,NA,NA,Jan Breine,NA,CC0_1_0,INBO,Jan Breine,NA,NA,2018-12-25T15:49:18Z,NA,REFERENCES_URI_INVALID
1234309161,258c9ce5-1bda-4001-a192-347c9e7fb186,INBO:VIS:00783188,Animalia,Arthropoda,Malacostraca,Decapoda,Pseudothelphusidae,Eriocheir,Eriocheir sinensis,NA,SPECIES,"Eriocheir sinensis H.Milne Edwards, 1853",BE,NA,1cd669d0-80ea-11de-a9d0-f1765f95f18b,51.00327,3.86759,250,NA,NA,NA,NA,NA,2015-07-29T00:00:00Z,29,7,2015,2225776,2225776,HUMAN_OBSERVATION,INBO,NA,NA,NA,Jan Breine,NA,CC0_1_0,INBO,Jan Breine,NA,NA,2018-12-25T15:49:18Z,NA,REFERENCES_URI_INVALID
1234309160,258c9ce5-1bda-4001-a192-347c9e7fb186,INBO:VIS:00793441,Animalia,Arthropoda,Malacostraca,Decapoda,Pseudothelphusidae,Eriocheir,Eriocheir sinensis,NA,SPECIES,"Eriocheir sinensis H.Milne Edwards, 1853",BE,NA,1cd669d0-80ea-11de-a9d0-f1765f95f18b,51.34116,4.26661,250,NA,NA,NA,NA,NA,2015-10-14T00:00:00Z,14,10,2015,2225776,2225776,HUMAN_OBSERVATION,INBO,NA,NA,NA,Jan Breine,NA,CC0_1_0,INBO,Jan Breine,NA,NA,2018-12-25T15:49:19Z,NA,REFERENCES_URI_INVALID
1234309159,258c9ce5-1bda-4001-a192-347c9e7fb186,INBO:VIS:00789786,Animalia,Arthropoda,Malacostraca,Decapoda,Pseudothelphusidae,Eriocheir,Eriocheir sinensis,NA,SPECIES,"Eriocheir sinensis H.Milne Edwards, 1853",BE,NA,1cd669d0-80ea-11de-a9d0-f1765f95f18b,51.01906,3.97005,250,NA,NA,NA,NA,NA,2015-08-11T00:00:00Z,11,8,2015,2225776,2225776,HUMAN_OBSERVATION,INBO,NA,NA,NA,Jan Breine,NA,CC0_1_0,INBO,Jan Breine,NA,NA,2018-12-25T15:49:18Z,NA,REFERENCES_URI_INVALID
1234309158,258c9ce5-1bda-4001-a192-347c9e7fb186,INBO:VIS:00789337,Animalia,Arthropoda,Malacostraca,Decapoda,Pseudothelphusidae,Eriocheir,Eriocheir sinensis,NA,SPECIES,"Eriocheir sinensis H.Milne Edwards, 1853",BE,NA,1cd669d0-80ea-11de-a9d0-f1765f95f18b,51.01906,3.97005,250,NA,NA,NA,NA,NA,2015-08-12T00:00:00Z,12,8,2015,2225776,2225776,HUMAN_OBSERVATION,INBO,NA,NA,NA,Jan Breine,NA,CC0_1_0,INBO,Jan Breine,NA,NA,2018-12-25T15:49:18Z,NA,REFERENCES_URI_INVALID
1234309155,258c9ce5-1bda-4001-a192-347c9e7fb186,INBO:VIS:00783255,Animalia,Arthropoda,Malacostraca,Decapoda,Pseudothelphusidae,Eriocheir,Eriocheir sinensis,NA,SPECIES,"Eriocheir sinensis H.Milne Edwards, 1853",BE,NA,1cd669d0-80ea-11de-a9d0-f1765f95f18b,51.00327,3.86759,250,NA,NA,NA,NA,NA,2015-07-30T00:00:00Z,30,7,2015,2225776,2225776,HUMAN_OBSERVATION,INBO,NA,NA,NA,Jan Breine,NA,CC0_1_0,INBO,Jan Breine,NA,NA,2018-12-25T15:49:18Z,NA,REFERENCES_URI_INVALID
1234309153,258c9ce5-1bda-4001-a192-347c9e7fb186,INBO:VIS:00797003,Animalia,Arthropoda,Malacostraca,Decapoda,Pseudothelphusidae,Eriocheir,Eriocheir sinensis,NA,SPECIES,"Eriocheir sinensis H.Milne Edwards, 1853",BE,NA,1cd669d0-80ea-11de-a9d0-f1765f95f18b,51.00327,3.86759,250,NA,NA,NA,NA,NA,2015-10-28T00:00:00Z,28,10,2015,2225776,2225776,HUMAN_OBSERVATION,INBO,NA,NA,NA,Jan Breine,NA,CC0_1_0,INBO,Jan Breine,NA,NA,2018-12-25T15:49:18Z,NA,REFERENCES_URI_INVALID
1234309146,258c9ce5-1bda-4001-a192-347c9e7fb186,INBO:VIS:00789338,Animalia,Arthropoda,Malacostraca,Decapoda,Pseudothelphusidae,Eriocheir,Eriocheir sinensis,NA,SPECIES,"Eriocheir sinensis H.Milne Edwards, 1853",BE,NA,1cd669d0-80ea-11de-a9d0-f1765f95f18b,51.01906,3.97005,250,NA,NA,NA,NA,NA,2015-08-12T00:00:00Z,12,8,2015,2225776,2225776,HUMAN_OBSERVATION,INBO,NA,NA,NA,Jan Breine,NA,CC0_1_0,INBO,Jan Breine,NA,NA,2018-12-25T15:49:18Z,NA,REFERENCES_URI_INVALID
1234309145,258c9ce5-1bda-4001-a192-347c9e7fb186,INBO:VIS:00792065,Animalia,Arthropoda,Malacostraca,Decapoda,Pseudothelphusidae,Eriocheir,Eriocheir sinensis,NA,SPECIES,"Eriocheir sinensis H.Milne Edwards, 1853",BE,NA,1cd669d0-80ea-11de-a9d0-f1765f95f18b,51.36538,4.22323,250,NA,NA,NA,NA,NA,2015-08-14T00:00:00Z,14,8,2015,2225776,2225776,HUMAN_OBSERVATION,INBO,NA,NA,NA,Jan Breine,NA,CC0_1_0,INBO,Jan Breine,NA,NA,2018-12-25T15:49:19Z,NA,REFERENCES_URI_INVALID
1234309131,258c9ce5-1bda-4001-a192-347c9e7fb186,INBO:VIS:00785957,Animalia,Arthropoda,Malacostraca,Decapoda,Pseudothelphusidae,Eriocheir,Eriocheir sinensis,NA,SPECIES,"Eriocheir sinensis H.Milne Edwards, 1853",BE,NA,1cd669d0-80ea-11de-a9d0-f1765f95f18b,51.36538,4.22323,250,NA,NA,NA,NA,NA,2015-08-13T00:00:00Z,13,8,2015,2225776,2225776,HUMAN_OBSERVATION,INBO,NA,NA,NA,Jan Breine,NA,CC0_1_0,INBO,Jan Breine,NA,NA,2018-12-25T15:49:18Z,NA,REFERENCES_URI_INVALID
1234309130,258c9ce5-1bda-4001-a192-347c9e7fb186,INBO:VIS:00793877,Animalia,Arthropoda,Malacostraca,Decapoda,Pseudothelphusidae,Eriocheir,Eriocheir sinensis,NA,SPECIES,"Eriocheir sinensis H.Milne Edwards, 1853",BE,NA,1cd669d0-80ea-11de-a9d0-f1765f95f18b,51.20551,4.37093,250,NA,NA,NA,NA,NA,2015-09-10T00:00:00Z,10,9,2015,2225776,2225776,HUMAN_OBSERVATION,INBO,NA,NA,NA,Jan Breine,NA,CC0_1_0,INBO,Jan Breine,NA,NA,2018-12-25T15:49:19Z,NA,REFERENCES_URI_INVALID
1234309129,258c9ce5-1bda-4001-a192-347c9e7fb186,INBO:VIS:00797263,Animalia,Arthropoda,Malacostraca,Decapoda,Pseudothelphusidae,Eriocheir,Eriocheir sinensis,NA,SPECIES,"Eriocheir sinensis H.Milne Edwards, 1853",BE,NA,1cd669d0-80ea-11de-a9d0-f1765f95f18b,51.09784,5.80504,250,NA,NA,NA,NA,NA,2015-09-16T00:00:00Z,16,9,2015,2225776,2225776,HUMAN_OBSERVATION,INBO,NA,NA,NA,Jan Breine,NA,CC0_1_0,INBO,Jan Breine,NA,NA,2018-12-25T15:49:18Z,NA,REFERENCES_URI_INVALID
1234309128,258c9ce5-1bda-4001-a192-347c9e7fb186,INBO:VIS:00784470,Animalia,Arthropoda,Malacostraca,Decapoda,Pseudothelphusidae,Eriocheir,Eriocheir sinensis,NA,SPECIES,"Eriocheir sinensis H.Milne Edwards, 1853",BE,NA,1cd669d0-80ea-11de-a9d0-f1765f95f18b,51.20551,4.37093,250,NA,NA,NA,NA,NA,2015-07-15T00:00:00Z,15,7,2015,2225776,2225776,HUMAN_OBSERVATION,INBO,NA,NA,NA,Jan Breine,NA,CC0_1_0,INBO,Jan Breine,NA,NA,2018-12-25T15:49:19Z,NA,REFERENCES_URI_INVALID
1234309127,258c9ce5-1bda-4001-a192-347c9e7fb186,INBO:VIS:00796665,Animalia,Arthropoda,Malacostraca,Decapoda,Pseudothelphusidae,Eriocheir,Eriocheir sinensis,NA,SPECIES,"Eriocheir sinensis H.Milne Edwards, 1853",BE,NA,1cd669d0-80ea-11de-a9d0-f1765f95f18b,51.20551,4.37093,250,NA,NA,NA,NA,NA,2015-09-11T00:00:00Z,11,9,2015,2225776,2225776,HUMAN_OBSERVATION,INBO,NA,NA,NA,Jan Breine,NA,CC0_1_0,INBO,Jan Breine,NA,NA,2018-12-25T15:49:19Z,NA,REFERENCES_URI_INVALID
1234309126,258c9ce5-1bda-4001-a192-347c9e7fb186,INBO:VIS:00783818,Animalia,Arthropoda,Malacostraca,Decapoda,Pseudothelphusidae,Eriocheir,Eriocheir sinensis,NA,SPECIES,"Eriocheir sinensis H.Milne Edwards, 1853",BE,NA,1cd669d0-80ea-11de-a9d0-f1765f95f18b,51.20551,4.37093,250,NA,NA,NA,NA,NA,2015-07-14T00:00:00Z,14,7,2015,2225776,2225776,HUMAN_OBSERVATION,INBO,NA,NA,NA,Jan Breine,NA,CC0_1_0,INBO,Jan Breine,NA,NA,2018-12-25T15:49:19Z,NA,REFERENCES_URI_INVALID
1234309125,258c9ce5-1bda-4001-a192-347c9e7fb186,INBO:VIS:00790756,Animalia,Arthropoda,Malacostraca,Decapoda,Pseudothelphusidae,Eriocheir,Eriocheir sinensis,NA,SPECIES,"Eriocheir sinensis H.Milne Edwards, 1853",BE,NA,1cd669d0-80ea-11de-a9d0-f1765f95f18b,51.08566,4.17177,250,NA,NA,NA,NA,NA,2015-09-07T00:00:00Z,7,9,2015,2225776,2225776,HUMAN_OBSERVATION,INBO,NA,NA,NA,Jan Breine,NA,CC0_1_0,INBO,Jan Breine,NA,NA,2018-12-25T15:49:18Z,NA,REFERENCES_URI_INVALID
1234309124,258c9ce5-1bda-4001-a192-347c9e7fb186,INBO:VIS:00780942,Animalia,Arthropoda,Malacostraca,Decapoda,Pseudothelphusidae,Eriocheir,Eriocheir sinensis,NA,SPECIES,"Eriocheir sinensis H.Milne Edwards, 1853",BE,NA,1cd669d0-80ea-11de-a9d0-f1765f95f18b,51.24392,5.05258,250,NA,NA,NA,NA,NA,2015-07-06T00:00:00Z,6,7,2015,2225776,2225776,HUMAN_OBSERVATION,INBO,NA,NA,NA,Jan Breine,NA,CC0_1_0,INBO,Jan Breine,NA,NA,2018-12-25T15:49:19Z,NA,REFERENCES_URI_INVALID
1234309123,258c9ce5-1bda-4001-a192-347c9e7fb186,INBO:VIS:00780930,Animalia,Arthropoda,Malacostraca,Decapoda,Pseudothelphusidae,Eriocheir,Eriocheir sinensis,NA,SPECIES,"Eriocheir sinensis H.Milne Edwards, 1853",BE,NA,1cd669d0-80ea-11de-a9d0-f1765f95f18b,51.24392,5.05258,250,NA,NA,NA,NA,NA,2015-07-06T00:00:00Z,6,7,2015,2225776,2225776,HUMAN_OBSERVATION,INBO,NA,NA,NA,Jan Breine,NA,CC0_1_0,INBO,Jan Breine,NA,NA,2018-12-25T15:49:19Z,NA,REFERENCES_URI_INVALID
1234309122,258c9ce5-1bda-4001-a192-347c9e7fb186,INBO:VIS:00774421,Animalia,Arthropoda,Malacostraca,Decapoda,Pseudothelphusidae,Eriocheir,Eriocheir sinensis,NA,SPECIES,"Eriocheir sinensis H.Milne Edwards, 1853",BE,NA,1cd669d0-80ea-11de-a9d0-f1765f95f18b,51.08566,4.17177,250,NA,NA,NA,NA,NA,2015-06-02T00:00:00Z,2,6,2015,2225776,2225776,HUMAN_OBSERVATION,INBO,NA,NA,NA,Jan Breine,NA,CC0_1_0,INBO,Jan Breine,NA,NA,2018-12-25T15:49:18Z,NA,REFERENCES_URI_INVALID
1234309121,258c9ce5-1bda-4001-a192-347c9e7fb186,INBO:VIS:00780935,Animalia,Arthropoda,Malacostraca,Decapoda,Pseudothelphusidae,Eriocheir,Eriocheir sinensis,NA,SPECIES,"Eriocheir sinensis H.Milne Edwards, 1853",BE,NA,1cd669d0-80ea-11de-a9d0-f1765f95f18b,51.24392,5.05258,250,NA,NA,NA,NA,NA,2015-07-06T00:00:00Z,6,7,2015,2225776,2225776,HUMAN_OBSERVATION,INBO,NA,NA,NA,Jan Breine,NA,CC0_1_0,INBO,Jan Breine,NA,NA,2018-12-25T15:49:19Z,NA,REFERENCES_URI_INVALID
1234309120,258c9ce5-1bda-4001-a192-347c9e7fb186,INBO:VIS:00774199,Animalia,Arthropoda,Malacostraca,Decapoda,Pseudothelphusidae,Eriocheir,Eriocheir sinensis,NA,SPECIES,"Eriocheir sinensis H.Milne Edwards, 1853",BE,NA,1cd669d0-80ea-11de-a9d0-f1765f95f18b,51.08566,4.17177,250,NA,NA,NA,NA,NA,2015-06-02T00:00:00Z,2,6,2015,2225776,2225776,HUMAN_OBSERVATION,INBO,NA,NA,NA,Jan Breine,NA,CC0_1_0,INBO,Jan Breine,NA,NA,2018-12-25T15:49:18Z,NA,REFERENCES_URI_INVALID
1234309119,258c9ce5-1bda-4001-a192-347c9e7fb186,INBO:VIS:00790601,Animalia,Arthropoda,Malacostraca,Decapoda,Pseudothelphusidae,Eriocheir,Eriocheir sinensis,NA,SPECIES,"Eriocheir sinensis H.Milne Edwards, 1853",BE,NA,1cd669d0-80ea-11de-a9d0-f1765f95f18b,51.08566,4.17177,250,NA,NA,NA,NA,NA,2015-11-12T00:00:00Z,12,11,2015,2225776,2225776,HUMAN_OBSERVATION,INBO,NA,NA,NA,Jan Breine,NA,CC0_1_0,INBO,Jan Breine,NA,NA,2018-12-25T15:49:19Z,NA,REFERENCES_URI_INVALID
1234309118,258c9ce5-1bda-4001-a192-347c9e7fb186,INBO:VIS:00790627,Animalia,Arthropoda,Malacostraca,Decapoda,Pseudothelphusidae,Eriocheir,Eriocheir sinensis,NA,SPECIES,"Eriocheir sinensis H.Milne Edwards, 1853",BE,NA,1cd669d0-80ea-11de-a9d0-f1765f95f18b,51.08566,4.17177,250,NA,NA,NA,NA,NA,2015-09-08T00:00:00Z,8,9,2015,2225776,2225776,HUMAN_OBSERVATION,INBO,NA,NA,NA,Jan Breine,NA,CC0_1_0,INBO,Jan Breine,NA,NA,2018-12-25T15:49:19Z,NA,REFERENCES_URI_INVALID
1234309117,258c9ce5-1bda-4001-a192-347c9e7fb186,INBO:VIS:00790630,Animalia,Arthropoda,Malacostraca,Decapoda,Pseudothelphusidae,Eriocheir,Eriocheir sinensis,NA,SPECIES,"Eriocheir sinensis H.Milne Edwards, 1853",BE,NA,1cd669d0-80ea-11de-a9d0-f1765f95f18b,51.08566,4.17177,250,NA,NA,NA,NA,NA,2015-09-08T00:00:00Z,8,9,2015,2225776,2225776,HUMAN_OBSERVATION,INBO,NA,NA,NA,Jan Breine,NA,CC0_1_0,INBO,Jan Breine,NA,NA,2018-12-25T15:49:19Z,NA,REFERENCES_URI_INVALID
1234309116,258c9ce5-1bda-4001-a192-347c9e7fb186,INBO:VIS:00790751,Animalia,Arthropoda,Malacostraca,Decapoda,Pseudothelphusidae,Eriocheir,Eriocheir sinensis,NA,SPECIES,"Eriocheir sinensis H.Milne Edwards, 1853",BE,NA,1cd669d0-80ea-11de-a9d0-f1765f95f18b,51.08566,4.17177,250,NA,NA,NA,NA,NA,2015-09-08T00:00:00Z,8,9,2015,2225776,2225776,HUMAN_OBSERVATION,INBO,NA,NA,NA,Jan Breine,NA,CC0_1_0,INBO,Jan Breine,NA,NA,2018-12-25T15:49:19Z,NA,REFERENCES_URI_INVALID
1234309115,258c9ce5-1bda-4001-a192-347c9e7fb186,INBO:VIS:00774396,Animalia,Arthropoda,Malacostraca,Decapoda,Pseudothelphusidae,Eriocheir,Eriocheir sinensis,NA,SPECIES,"Eriocheir sinensis H.Milne Edwards, 1853",BE,NA,1cd669d0-80ea-11de-a9d0-f1765f95f18b,51.08566,4.17177,250,NA,NA,NA,NA,NA,2015-06-02T00:00:00Z,2,6,2015,2225776,2225776,HUMAN_OBSERVATION,INBO,NA,NA,NA,Jan Breine,NA,CC0_1_0,INBO,Jan Breine,NA,NA,2018-12-25T15:49:18Z,NA,REFERENCES_URI_INVALID
1234309114,258c9ce5-1bda-4001-a192-347c9e7fb186,INBO:VIS:00774395,Animalia,Arthropoda,Malacostraca,Decapoda,Pseudothelphusidae,Eriocheir,Eriocheir sinensis,NA,SPECIES,"Eriocheir sinensis H.Milne Edwards, 1853",BE,NA,1cd669d0-80ea-11de-a9d0-f1765f95f18b,51.08566,4.17177,250,NA,NA,NA,NA,NA,2015-06-02T00:00:00Z,2,6,2015,2225776,2225776,HUMAN_OBSERVATION,INBO,NA,NA,NA,Jan Breine,NA,CC0_1_0,INBO,Jan Breine,NA,NA,2018-12-25T15:49:18Z,NA,REFERENCES_URI_INVALID
1234309113,258c9ce5-1bda-4001-a192-347c9e7fb186,INBO:VIS:00794478,Animalia,Arthropoda,Malacostraca,Decapoda,Pseudothelphusidae,Eriocheir,Eriocheir sinensis,NA,SPECIES,"Eriocheir sinensis H.Milne Edwards, 1853",BE,NA,1cd669d0-80ea-11de-a9d0-f1765f95f18b,51.11526,4.24697,250,NA,NA,NA,NA,NA,2015-09-10T00:00:00Z,10,9,2015,2225776,2225776,HUMAN_OBSERVATION,INBO,NA,NA,NA,Jan Breine,NA,CC0_1_0,INBO,Jan Breine,NA,NA,2018-12-25T15:49:18Z,NA,REFERENCES_URI_INVALID
1234309112,258c9ce5-1bda-4001-a192-347c9e7fb186,INBO:VIS:00797629,Animalia,Arthropoda,Malacostraca,Decapoda,Pseudothelphusidae,Eriocheir,Eriocheir sinensis,NA,SPECIES,"Eriocheir sinensis H.Milne Edwards, 1853",BE,NA,1cd669d0-80ea-11de-a9d0-f1765f95f18b,51.11896,4.26525,250,NA,NA,NA,NA,NA,2015-06-30T00:00:00Z,30,6,2015,2225776,2225776,HUMAN_OBSERVATION,INBO,NA,NA,NA,Jan Breine,NA,CC0_1_0,INBO,Jan Breine,NA,NA,2018-12-25T15:49:18Z,NA,REFERENCES_URI_INVALID
1234309111,258c9ce5-1bda-4001-a192-347c9e7fb186,INBO:VIS:00798132,Animalia,Arthropoda,Malacostraca,Decapoda,Pseudothelphusidae,Eriocheir,Eriocheir sinensis,NA,SPECIES,"Eriocheir sinensis H.Milne Edwards, 1853",BE,NA,1cd669d0-80ea-11de-a9d0-f1765f95f18b,51.11896,4.26525,250,NA,NA,NA,NA,NA,2015-06-30T00:00:00Z,30,6,2015,2225776,2225776,HUMAN_OBSERVATION,INBO,NA,NA,NA,Jan Breine,NA,CC0_1_0,INBO,Jan Breine,NA,NA,2018-12-25T15:49:18Z,NA,REFERENCES_URI_INVALID
1234309110,258c9ce5-1bda-4001-a192-347c9e7fb186,INBO:VIS:00783365,Animalia,Arthropoda,Malacostraca,Decapoda,Pseudothelphusidae,Eriocheir,Eriocheir sinensis,NA,SPECIES,"Eriocheir sinensis H.Milne Edwards, 1853",BE,NA,1cd669d0-80ea-11de-a9d0-f1765f95f18b,51.11526,4.24697,250,NA,NA,NA,NA,NA,2015-07-14T00:00:00Z,14,7,2015,2225776,2225776,HUMAN_OBSERVATION,INBO,NA,NA,NA,Jan Breine,NA,CC0_1_0,INBO,Jan Breine,NA,NA,2018-12-25T15:49:18Z,NA,REFERENCES_URI_INVALID
1234309109,258c9ce5-1bda-4001-a192-347c9e7fb186,INBO:VIS:00794547,Animalia,Arthropoda,Malacostraca,Decapoda,Pseudothelphusidae,Eriocheir,Eriocheir sinensis,NA,SPECIES,"Eriocheir sinensis H.Milne Edwards, 1853",BE,NA,1cd669d0-80ea-11de-a9d0-f1765f95f18b,51.11526,4.24697,250,NA,NA,NA,NA,NA,2015-09-11T00:00:00Z,11,9,2015,2225776,2225776,HUMAN_OBSERVATION,INBO,NA,NA,NA,Jan Breine,NA,CC0_1_0,INBO,Jan Breine,NA,NA,2018-12-25T15:49:18Z,NA,REFERENCES_URI_INVALID
1234309108,258c9ce5-1bda-4001-a192-347c9e7fb186,INBO:VIS:00794649,Animalia,Arthropoda,Malacostraca,Decapoda,Pseudothelphusidae,Eriocheir,Eriocheir sinensis,NA,SPECIES,"Eriocheir sinensis H.Milne Edwards, 1853",BE,NA,1cd669d0-80ea-11de-a9d0-f1765f95f18b,51.12088,4.26938,250,NA,NA,NA,NA,NA,2015-11-10T00:00:00Z,10,11,2015,2225776,2225776,HUMAN_OBSERVATION,INBO,NA,NA,NA,Jan Breine,NA,CC0_1_0,INBO,Jan Breine,NA,NA,2018-12-25T15:49:18Z,NA,REFERENCES_URI_INVALID
1234309107,258c9ce5-1bda-4001-a192-347c9e7fb186,INBO:VIS:00783814,Animalia,Arthropoda,Malacostraca,Decapoda,Pseudothelphusidae,Eriocheir,Eriocheir sinensis,NA,SPECIES,"Eriocheir sinensis H.Milne Edwards, 1853",BE,NA,1cd669d0-80ea-11de-a9d0-f1765f95f18b,51.11526,4.24697,250,NA,NA,NA,NA,NA,2015-07-15T00:00:00Z,15,7,2015,2225776,2225776,HUMAN_OBSERVATION,INBO,NA,NA,NA,Jan Breine,NA,CC0_1_0,INBO,Jan Breine,NA,NA,2018-12-25T15:49:18Z,NA,REFERENCES_URI_INVALID
1234309106,258c9ce5-1bda-4001-a192-347c9e7fb186,INBO:VIS:00783049,Animalia,Arthropoda,Malacostraca,Decapoda,Pseudothelphusidae,Eriocheir,Eriocheir sinensis,NA,SPECIES,"Eriocheir sinensis H.Milne Edwards, 1853",BE,NA,1cd669d0-80ea-11de-a9d0-f1765f95f18b,51.04837,4.06934,250,NA,NA,NA,NA,NA,2015-07-29T00:00:00Z,29,7,2015,2225776,2225776,HUMAN_OBSERVATION,INBO,NA,NA,NA,Jan Breine,NA,CC0_1_0,INBO,Jan Breine,NA,NA,2018-12-25T15:49:19Z,NA,REFERENCES_URI_INVALID
1234309105,258c9ce5-1bda-4001-a192-347c9e7fb186,INBO:VIS:00796666,Animalia,Arthropoda,Malacostraca,Decapoda,Pseudothelphusidae,Eriocheir,Eriocheir sinensis,NA,SPECIES,"Eriocheir sinensis H.Milne Edwards, 1853",BE,NA,1cd669d0-80ea-11de-a9d0-f1765f95f18b,51.04837,4.06934,250,NA,NA,NA,NA,NA,2015-10-27T00:00:00Z,27,10,2015,2225776,2225776,HUMAN_OBSERVATION,INBO,NA,NA,NA,Jan Breine,NA,CC0_1_0,INBO,Jan Breine,NA,NA,2018-12-25T15:49:19Z,NA,REFERENCES_URI_INVALID
1234309104,258c9ce5-1bda-4001-a192-347c9e7fb186,INBO:VIS:00796862,Animalia,Arthropoda,Malacostraca,Decapoda,Pseudothelphusidae,Eriocheir,Eriocheir sinensis,NA,SPECIES,"Eriocheir sinensis H.Milne Edwards, 1853",BE,NA,1cd669d0-80ea-11de-a9d0-f1765f95f18b,51.04837,4.06934,250,NA,NA,NA,NA,NA,2015-10-28T00:00:00Z,28,10,2015,2225776,2225776,HUMAN_OBSERVATION,INBO,NA,NA,NA,Jan Breine,NA,CC0_1_0,INBO,Jan Breine,NA,NA,2018-12-25T15:49:19Z,NA,REFERENCES_URI_INVALID
1234309103,258c9ce5-1bda-4001-a192-347c9e7fb186,INBO:VIS:00794708,Animalia,Arthropoda,Malacostraca,Decapoda,Pseudothelphusidae,Eriocheir,Eriocheir sinensis,NA,SPECIES,"Eriocheir sinensis H.Milne Edwards, 1853",BE,NA,1cd669d0-80ea-11de-a9d0-f1765f95f18b,51.11896,4.26525,250,NA,NA,NA,NA,NA,2015-11-10T00:00:00Z,10,11,2015,2225776,2225776,HUMAN_OBSERVATION,INBO,NA,NA,NA,Jan Breine,NA,CC0_1_0,INBO,Jan Breine,NA,NA,2018-12-25T15:49:18Z,NA,REFERENCES_URI_INVALID
1234309102,258c9ce5-1bda-4001-a192-347c9e7fb186,INBO:VIS:00797898,Animalia,Arthropoda,Malacostraca,Decapoda,Pseudothelphusidae,Eriocheir,Eriocheir sinensis,NA,SPECIES,"Eriocheir sinensis H.Milne Edwards, 1853",BE,NA,1cd669d0-80ea-11de-a9d0-f1765f95f18b,51.12088,4.26938,250,NA,NA,NA,NA,NA,2015-06-30T00:00:00Z,30,6,2015,2225776,2225776,HUMAN_OBSERVATION,INBO,NA,NA,NA,Jan Breine,NA,CC0_1_0,INBO,Jan Breine,NA,NA,2018-12-25T15:49:18Z,NA,REFERENCES_URI_INVALID
1234309101,258c9ce5-1bda-4001-a192-347c9e7fb186,INBO:VIS:00794648,Animalia,Arthropoda,Malacostraca,Decapoda,Pseudothelphusidae,Eriocheir,Eriocheir sinensis,NA,SPECIES,"Eriocheir sinensis H.Milne Edwards, 1853",BE,NA,1cd669d0-80ea-11de-a9d0-f1765f95f18b,51.12342,4.28004,250,NA,NA,NA,NA,NA,2015-11-10T00:00:00Z,10,11,2015,2225776,2225776,HUMAN_OBSERVATION,INBO,NA,NA,NA,Jan Breine,NA,CC0_1_0,INBO,Jan Breine,NA,NA,2018-12-25T15:49:18Z,NA,REFERENCES_URI_INVALID
1234309100,258c9ce5-1bda-4001-a192-347c9e7fb186,INBO:VIS:00782705,Animalia,Arthropoda,Malacostraca,Decapoda,Pseudothelphusidae,Eriocheir,Eriocheir sinensis,NA,SPECIES,"Eriocheir sinensis H.Milne Edwards, 1853",BE,NA,1cd669d0-80ea-11de-a9d0-f1765f95f18b,51.0505,4.19334,250,NA,NA,NA,NA,NA,2015-07-29T00:00:00Z,29,7,2015,2225776,2225776,HUMAN_OBSERVATION,INBO,NA,NA,NA,Jan Breine,NA,CC0_1_0,INBO,Jan Breine,NA,NA,2018-12-25T15:49:18Z,NA,REFERENCES_URI_INVALID
1234309099,258c9ce5-1bda-4001-a192-347c9e7fb186,INBO:VIS:00797935,Animalia,Arthropoda,Malacostraca,Decapoda,Pseudothelphusidae,Eriocheir,Eriocheir sinensis,NA,SPECIES,"Eriocheir sinensis H.Milne Edwards, 1853",BE,NA,1cd669d0-80ea-11de-a9d0-f1765f95f18b,51.12342,4.28004,250,NA,NA,NA,NA,NA,2015-06-30T00:00:00Z,30,6,2015,2225776,2225776,HUMAN_OBSERVATION,INBO,NA,NA,NA,Jan Breine,NA,CC0_1_0,INBO,Jan Breine,NA,NA,2018-12-25T15:49:18Z,NA,REFERENCES_URI_INVALID
1234309098,258c9ce5-1bda-4001-a192-347c9e7fb186,INBO:VIS:00797722,Animalia,Arthropoda,Malacostraca,Decapoda,Pseudothelphusidae,Eriocheir,Eriocheir sinensis,NA,SPECIES,"Eriocheir sinensis H.Milne Edwards, 1853",BE,NA,1cd669d0-80ea-11de-a9d0-f1765f95f18b,51.12088,4.26938,250,NA,NA,NA,NA,NA,2015-06-30T00:00:00Z,30,6,2015,2225776,2225776,HUMAN_OBSERVATION,INBO,NA,NA,NA,Jan Breine,NA,CC0_1_0,INBO,Jan Breine,NA,NA,2018-12-25T15:49:18Z,NA,REFERENCES_URI_INVALID
1234309097,258c9ce5-1bda-4001-a192-347c9e7fb186,INBO:VIS:00797900,Animalia,Arthropoda,Malacostraca,Decapoda,Pseudothelphusidae,Eriocheir,Eriocheir sinensis,NA,SPECIES,"Eriocheir sinensis H.Milne Edwards, 1853",BE,NA,1cd669d0-80ea-11de-a9d0-f1765f95f18b,51.12342,4.28004,250,NA,NA,NA,NA,NA,2015-06-30T00:00:00Z,30,6,2015,2225776,2225776,HUMAN_OBSERVATION,INBO,NA,NA,NA,Jan Breine,NA,CC0_1_0,INBO,Jan Breine,NA,NA,2018-12-25T15:49:19Z,NA,REFERENCES_URI_INVALID
1234309096,258c9ce5-1bda-4001-a192-347c9e7fb186,INBO:VIS:00798117,Animalia,Arthropoda,Malacostraca,Decapoda,Pseudothelphusidae,Eriocheir,Eriocheir sinensis,NA,SPECIES,"Eriocheir sinensis H.Milne Edwards, 1853",BE,NA,1cd669d0-80ea-11de-a9d0-f1765f95f18b,51.11627,4.25696,250,NA,NA,NA,NA,NA,2015-06-30T00:00:00Z,30,6,2015,2225776,2225776,HUMAN_OBSERVATION,INBO,NA,NA,NA,Jan Breine,NA,CC0_1_0,INBO,Jan Breine,NA,NA,2018-12-25T15:49:19Z,NA,REFERENCES_URI_INVALID
1234309095,258c9ce5-1bda-4001-a192-347c9e7fb186,INBO:VIS:00796522,Animalia,Arthropoda,Malacostraca,Decapoda,Pseudothelphusidae,Eriocheir,Eriocheir sinensis,NA,SPECIES,"Eriocheir sinensis H.Milne Edwards, 1853",BE,NA,1cd669d0-80ea-11de-a9d0-f1765f95f18b,51.0505,4.19334,250,NA,NA,NA,NA,NA,2015-10-27T00:00:00Z,27,10,2015,2225776,2225776,HUMAN_OBSERVATION,INBO,NA,NA,NA,Jan Breine,NA,CC0_1_0,INBO,Jan Breine,NA,NA,2018-12-25T15:49:18Z,NA,REFERENCES_URI_INVALID
1234309094,258c9ce5-1bda-4001-a192-347c9e7fb186,INBO:VIS:00794683,Animalia,Arthropoda,Malacostraca,Decapoda,Pseudothelphusidae,Eriocheir,Eriocheir sinensis,NA,SPECIES,"Eriocheir sinensis H.Milne Edwards, 1853",BE,NA,1cd669d0-80ea-11de-a9d0-f1765f95f18b,51.11627,4.25696,250,NA,NA,NA,NA,NA,2015-11-10T00:00:00Z,10,11,2015,2225776,2225776,HUMAN_OBSERVATION,INBO,NA,NA,NA,Jan Breine,NA,CC0_1_0,INBO,Jan Breine,NA,NA,2018-12-25T15:49:19Z,NA,REFERENCES_URI_INVALID
1234309093,258c9ce5-1bda-4001-a192-347c9e7fb186,INBO:VIS:00796584,Animalia,Arthropoda,Malacostraca,Decapoda,Pseudothelphusidae,Eriocheir,Eriocheir sinensis,NA,SPECIES,"Eriocheir sinensis H.Milne Edwards, 1853",BE,NA,1cd669d0-80ea-11de-a9d0-f1765f95f18b,51.0505,4.19334,250,NA,NA,NA,NA,NA,2015-10-28T00:00:00Z,28,10,2015,2225776,2225776,HUMAN_OBSERVATION,INBO,NA,NA,NA,Jan Breine,NA,CC0_1_0,INBO,Jan Breine,NA,NA,2018-12-25T15:49:18Z,NA,REFERENCES_URI_INVALID
1234309092,258c9ce5-1bda-4001-a192-347c9e7fb186,INBO:VIS:00782830,Animalia,Arthropoda,Malacostraca,Decapoda,Pseudothelphusidae,Eriocheir,Eriocheir sinensis,NA,SPECIES,"Eriocheir sinensis H.Milne Edwards, 1853",BE,NA,1cd669d0-80ea-11de-a9d0-f1765f95f18b,51.0505,4.19334,250,NA,NA,NA,NA,NA,2015-07-30T00:00:00Z,30,7,2015,2225776,2225776,HUMAN_OBSERVATION,INBO,NA,NA,NA,Jan Breine,NA,CC0_1_0,INBO,Jan Breine,NA,NA,2018-12-25T15:49:18Z,NA,REFERENCES_URI_INVALID
1226930726,ea95fd9b-58dc-4e48-b51f-9380e9804607,INBO:NBN:BFN001790000A4I4,Animalia,Arthropoda,Malacostraca,Decapoda,Pseudothelphusidae,Eriocheir,Eriocheir sinensis,NA,SPECIES,"Eriocheir sinensis H.Milne Edwards, 1853",BE,Fuik 1,1cd669d0-80ea-11de-a9d0-f1765f95f18b,51.27201,5.0161,30,NA,NA,NA,NA,NA,2015-10-23T00:00:00Z,23,10,2015,2225776,2225776,HUMAN_OBSERVATION,INBO,NA,NA,NA,BFN00179000000TW,NA,CC0_1_0,INBO,BFN00179000000TW;BFN00179000000TX,NA,NA,2018-12-07T20:00:30Z,NA,NA
1226930676,ea95fd9b-58dc-4e48-b51f-9380e9804607,INBO:NBN:BFN001790000A4HB,Animalia,Arthropoda,Malacostraca,Decapoda,Pseudothelphusidae,Eriocheir,Eriocheir sinensis,NA,SPECIES,"Eriocheir sinensis H.Milne Edwards, 1853",BE,Fuik 3,1cd669d0-80ea-11de-a9d0-f1765f95f18b,51.27201,5.0161,30,NA,NA,NA,NA,NA,2015-08-20T00:00:00Z,20,8,2015,2225776,2225776,HUMAN_OBSERVATION,INBO,NA,NA,NA,BFN00179000000TW,NA,CC0_1_0,INBO,BFN00179000000TW;BFN00179000000TX,NA,NA,2018-12-07T20:00:30Z,NA,NA
1146738084,258c9ce5-1bda-4001-a192-347c9e7fb186,INBO:VIS:00772845,Animalia,Arthropoda,Malacostraca,Decapoda,Pseudothelphusidae,Eriocheir,Eriocheir sinensis,NA,SPECIES,"Eriocheir sinensis H.Milne Edwards, 1853",BE,NA,1cd669d0-80ea-11de-a9d0-f1765f95f18b,51.14922,4.32628,250,NA,NA,NA,NA,NA,2015-03-03T00:00:00Z,3,3,2015,2225776,2225776,HUMAN_OBSERVATION,INBO,NA,NA,NA,Jan Breine,NA,CC0_1_0,INBO,Jan Breine,NA,NA,2018-12-06T16:48:49Z,NA,REFERENCES_URI_INVALID
1146738079,258c9ce5-1bda-4001-a192-347c9e7fb186,INBO:VIS:00771910,Animalia,Arthropoda,Malacostraca,Decapoda,Pseudothelphusidae,Eriocheir,Eriocheir sinensis,NA,SPECIES,"Eriocheir sinensis H.Milne Edwards, 1853",BE,NA,1cd669d0-80ea-11de-a9d0-f1765f95f18b,51.15277,4.32561,250,NA,NA,NA,NA,NA,2015-03-03T00:00:00Z,3,3,2015,2225776,2225776,HUMAN_OBSERVATION,INBO,NA,NA,NA,Jan Breine,NA,CC0_1_0,INBO,Jan Breine,NA,NA,2018-12-06T16:48:49Z,NA,REFERENCES_URI_INVALID
1146738056,258c9ce5-1bda-4001-a192-347c9e7fb186,INBO:VIS:00765284,Animalia,Arthropoda,Malacostraca,Decapoda,Pseudothelphusidae,Eriocheir,Eriocheir sinensis,NA,SPECIES,"Eriocheir sinensis H.Milne Edwards, 1853",BE,NA,1cd669d0-80ea-11de-a9d0-f1765f95f18b,51.00327,3.86759,250,NA,NA,NA,NA,NA,2015-04-02T00:00:00Z,2,4,2015,2225776,2225776,HUMAN_OBSERVATION,INBO,NA,NA,NA,Jan Breine,NA,CC0_1_0,INBO,Jan Breine,NA,NA,2018-12-06T16:48:49Z,NA,REFERENCES_URI_INVALID
1146738018,258c9ce5-1bda-4001-a192-347c9e7fb186,INBO:VIS:00765255,Animalia,Arthropoda,Malacostraca,Decapoda,Pseudothelphusidae,Eriocheir,Eriocheir sinensis,NA,SPECIES,"Eriocheir sinensis H.Milne Edwards, 1853",BE,NA,1cd669d0-80ea-11de-a9d0-f1765f95f18b,51.00327,3.86759,250,NA,NA,NA,NA,NA,2015-04-01T00:00:00Z,1,4,2015,2225776,2225776,HUMAN_OBSERVATION,INBO,NA,NA,NA,Jan Breine,NA,CC0_1_0,INBO,Jan Breine,NA,NA,2018-12-06T16:48:49Z,NA,REFERENCES_URI_INVALID
1146737936,258c9ce5-1bda-4001-a192-347c9e7fb186,INBO:VIS:00762513,Animalia,Arthropoda,Malacostraca,Decapoda,Pseudothelphusidae,Eriocheir,Eriocheir sinensis,NA,SPECIES,"Eriocheir sinensis H.Milne Edwards, 1853",BE,NA,1cd669d0-80ea-11de-a9d0-f1765f95f18b,51.36538,4.22323,250,NA,NA,NA,NA,NA,2015-03-25T00:00:00Z,25,3,2015,2225776,2225776,HUMAN_OBSERVATION,INBO,NA,NA,NA,Jan Breine,NA,CC0_1_0,INBO,Jan Breine,NA,NA,2018-12-06T16:48:49Z,NA,REFERENCES_URI_INVALID
1146737843,258c9ce5-1bda-4001-a192-347c9e7fb186,INBO:VIS:00762989,Animalia,Arthropoda,Malacostraca,Decapoda,Pseudothelphusidae,Eriocheir,Eriocheir sinensis,NA,SPECIES,"Eriocheir sinensis H.Milne Edwards, 1853",BE,NA,1cd669d0-80ea-11de-a9d0-f1765f95f18b,51.20551,4.37093,250,NA,NA,NA,NA,NA,2015-03-19T00:00:00Z,19,3,2015,2225776,2225776,HUMAN_OBSERVATION,INBO,NA,NA,NA,Jan Breine,NA,CC0_1_0,INBO,Jan Breine,NA,NA,2018-12-06T16:48:49Z,NA,REFERENCES_URI_INVALID
1146737805,258c9ce5-1bda-4001-a192-347c9e7fb186,INBO:VIS:00762991,Animalia,Arthropoda,Malacostraca,Decapoda,Pseudothelphusidae,Eriocheir,Eriocheir sinensis,NA,SPECIES,"Eriocheir sinensis H.Milne Edwards, 1853",BE,NA,1cd669d0-80ea-11de-a9d0-f1765f95f18b,51.20551,4.37093,250,NA,NA,NA,NA,NA,2015-03-20T00:00:00Z,20,3,2015,2225776,2225776,HUMAN_OBSERVATION,INBO,NA,NA,NA,Jan Breine,NA,CC0_1_0,INBO,Jan Breine,NA,NA,2018-12-06T16:48:49Z,NA,REFERENCES_URI_INVALID
1146737734,258c9ce5-1bda-4001-a192-347c9e7fb186,INBO:VIS:00763142,Animalia,Arthropoda,Malacostraca,Decapoda,Pseudothelphusidae,Eriocheir,Eriocheir sinensis,NA,SPECIES,"Eriocheir sinensis H.Milne Edwards, 1853",BE,NA,1cd669d0-80ea-11de-a9d0-f1765f95f18b,51.11526,4.24697,250,NA,NA,NA,NA,NA,2015-03-19T00:00:00Z,19,3,2015,2225776,2225776,HUMAN_OBSERVATION,INBO,NA,NA,NA,Jan Breine,NA,CC0_1_0,INBO,Jan Breine,NA,NA,2018-12-06T16:48:49Z,NA,REFERENCES_URI_INVALID
1146737727,258c9ce5-1bda-4001-a192-347c9e7fb186,INBO:VIS:00771882,Animalia,Arthropoda,Malacostraca,Decapoda,Pseudothelphusidae,Eriocheir,Eriocheir sinensis,NA,SPECIES,"Eriocheir sinensis H.Milne Edwards, 1853",BE,NA,1cd669d0-80ea-11de-a9d0-f1765f95f18b,51.08566,4.17177,250,NA,NA,NA,NA,NA,2015-03-03T00:00:00Z,3,3,2015,2225776,2225776,HUMAN_OBSERVATION,INBO,NA,NA,NA,Jan Breine,NA,CC0_1_0,INBO,Jan Breine,NA,NA,2018-12-06T16:48:49Z,NA,REFERENCES_URI_INVALID
1146737674,258c9ce5-1bda-4001-a192-347c9e7fb186,INBO:VIS:00763141,Animalia,Arthropoda,Malacostraca,Decapoda,Pseudothelphusidae,Eriocheir,Eriocheir sinensis,NA,SPECIES,"Eriocheir sinensis H.Milne Edwards, 1853",BE,NA,1cd669d0-80ea-11de-a9d0-f1765f95f18b,51.11526,4.24697,250,NA,NA,NA,NA,NA,2015-03-19T00:00:00Z,19,3,2015,2225776,2225776,HUMAN_OBSERVATION,INBO,NA,NA,NA,Jan Breine,NA,CC0_1_0,INBO,Jan Breine,NA,NA,2018-12-06T16:48:49Z,NA,REFERENCES_URI_INVALID
1146737656,258c9ce5-1bda-4001-a192-347c9e7fb186,INBO:VIS:00765236,Animalia,Arthropoda,Malacostraca,Decapoda,Pseudothelphusidae,Eriocheir,Eriocheir sinensis,NA,SPECIES,"Eriocheir sinensis H.Milne Edwards, 1853",BE,NA,1cd669d0-80ea-11de-a9d0-f1765f95f18b,51.04837,4.06934,250,NA,NA,NA,NA,NA,2015-04-01T00:00:00Z,1,4,2015,2225776,2225776,HUMAN_OBSERVATION,INBO,NA,NA,NA,Jan Breine,NA,CC0_1_0,INBO,Jan Breine,NA,NA,2018-12-06T16:48:49Z,NA,REFERENCES_URI_INVALID
1146737647,258c9ce5-1bda-4001-a192-347c9e7fb186,INBO:VIS:00765237,Animalia,Arthropoda,Malacostraca,Decapoda,Pseudothelphusidae,Eriocheir,Eriocheir sinensis,NA,SPECIES,"Eriocheir sinensis H.Milne Edwards, 1853",BE,NA,1cd669d0-80ea-11de-a9d0-f1765f95f18b,51.04837,4.06934,250,NA,NA,NA,NA,NA,2015-04-02T00:00:00Z,2,4,2015,2225776,2225776,HUMAN_OBSERVATION,INBO,NA,NA,NA,Jan Breine,NA,CC0_1_0,INBO,Jan Breine,NA,NA,2018-12-06T16:48:49Z,NA,REFERENCES_URI_INVALID
1146737641,258c9ce5-1bda-4001-a192-347c9e7fb186,INBO:VIS:00763216,Animalia,Arthropoda,Malacostraca,Decapoda,Pseudothelphusidae,Eriocheir,Eriocheir sinensis,NA,SPECIES,"Eriocheir sinensis H.Milne Edwards, 1853",BE,NA,1cd669d0-80ea-11de-a9d0-f1765f95f18b,51.11526,4.24697,250,NA,NA,NA,NA,NA,2015-03-20T00:00:00Z,20,3,2015,2225776,2225776,HUMAN_OBSERVATION,INBO,NA,NA,NA,Jan Breine,NA,CC0_1_0,INBO,Jan Breine,NA,NA,2018-12-06T16:48:49Z,NA,REFERENCES_URI_INVALID
1146737510,258c9ce5-1bda-4001-a192-347c9e7fb186,INBO:VIS:00771948,Animalia,Arthropoda,Malacostraca,Decapoda,Pseudothelphusidae,Eriocheir,Eriocheir sinensis,NA,SPECIES,"Eriocheir sinensis H.Milne Edwards, 1853",BE,NA,1cd669d0-80ea-11de-a9d0-f1765f95f18b,51.11896,4.26525,250,NA,NA,NA,NA,NA,2015-04-17T00:00:00Z,17,4,2015,2225776,2225776,HUMAN_OBSERVATION,INBO,NA,NA,NA,Jan Breine,NA,CC0_1_0,INBO,Jan Breine,NA,NA,2018-12-06T16:48:49Z,NA,REFERENCES_URI_INVALID
1146737430,258c9ce5-1bda-4001-a192-347c9e7fb186,INBO:VIS:00765214,Animalia,Arthropoda,Malacostraca,Decapoda,Pseudothelphusidae,Eriocheir,Eriocheir sinensis,NA,SPECIES,"Eriocheir sinensis H.Milne Edwards, 1853",BE,NA,1cd669d0-80ea-11de-a9d0-f1765f95f18b,51.0505,4.19334,250,NA,NA,NA,NA,NA,2015-04-02T00:00:00Z,2,4,2015,2225776,2225776,HUMAN_OBSERVATION,INBO,NA,NA,NA,Jan Breine,NA,CC0_1_0,INBO,Jan Breine,NA,NA,2018-12-06T16:48:49Z,NA,REFERENCES_URI_INVALID
1146737382,258c9ce5-1bda-4001-a192-347c9e7fb186,INBO:VIS:00765203,Animalia,Arthropoda,Malacostraca,Decapoda,Pseudothelphusidae,Eriocheir,Eriocheir sinensis,NA,SPECIES,"Eriocheir sinensis H.Milne Edwards, 1853",BE,NA,1cd669d0-80ea-11de-a9d0-f1765f95f18b,51.0505,4.19334,250,NA,NA,NA,NA,NA,2015-04-01T00:00:00Z,1,4,2015,2225776,2225776,HUMAN_OBSERVATION,INBO,NA,NA,NA,Jan Breine,NA,CC0_1_0,INBO,Jan Breine,NA,NA,2018-12-06T16:48:49Z,NA,REFERENCES_URI_INVALID
1146731927,258c9ce5-1bda-4001-a192-347c9e7fb186,INBO:NBN:BFN001790000A3Y2,Animalia,Arthropoda,Malacostraca,Decapoda,Pseudothelphusidae,Eriocheir,Eriocheir sinensis,NA,SPECIES,"Eriocheir sinensis H.Milne Edwards, 1853",BE,NA,1cd669d0-80ea-11de-a9d0-f1765f95f18b,50.81702,4.6392,30,NA,NA,NA,NA,NA,2015-09-20T00:00:00Z,20,9,2015,2225776,2225776,HUMAN_OBSERVATION,INBO,NA,NA,NA,Niko Boone,NA,CC0_1_0,INBO,BFN00179000000I4,NA,NA,2018-12-06T16:48:46Z,NA,NA
